Gew.Typ.:;19   ;;                   
Grundlast:;  1069.200; l/s;
QM Klaeranlage:;       0.0; l/s;                   
AEO:;    13.500; km2;                   
AEOpnat:;    13.728; km2;                   
T Datum Zeit     ;    Q_zu;    Q_ab;      tf;
 - ;l/s;l/s;min;
01.01.2003 00:00 ;  1069.2;  1069.2;   10.90;
01.01.2003 00:05 ;  1069.2;  1069.2;   10.90;
01.01.2003 00:10 ;  1069.2;  1069.2;   10.90;
01.01.2003 00:15 ;  1069.2;  1069.2;   10.90;
01.01.2003 00:20 ;  1069.2;  1069.2;   10.90;
01.01.2003 00:25 ;  1069.2;  1069.2;   10.90;
01.01.2003 00:30 ;  1069.2;  1069.2;   10.90;
01.01.2003 00:35 ;  1069.2;  1069.2;   10.90;
01.01.2003 00:40 ;  1069.2;  1069.2;   10.90;
01.01.2003 00:45 ;  1069.2;  1069.2;   10.90;
01.01.2003 00:50 ;  1069.2;  1069.2;   10.90;
01.01.2003 00:55 ;  1069.2;  1069.2;   10.90;
01.01.2003 01:00 ;  1069.2;  1069.2;   10.90;
01.01.2003 01:05 ;  1069.2;  1069.2;   10.90;
01.01.2003 01:10 ;  1069.2;  1069.2;   10.90;
01.01.2003 01:15 ;  1069.2;  1069.2;   10.90;
01.01.2003 01:20 ;  1069.2;  1069.2;   10.90;
01.01.2003 01:25 ;  1069.2;  1069.2;   10.90;
01.01.2003 01:30 ;  1069.2;  1069.2;   10.90;
01.01.2003 01:35 ;  1069.2;  1069.2;   10.90;
01.01.2003 01:40 ;  1069.2;  1069.2;   10.90;
01.01.2003 01:45 ;  1069.2;  1069.2;   10.90;
01.01.2003 01:50 ;  1069.2;  1069.2;   10.90;
01.01.2003 01:55 ;  1069.2;  1069.2;   10.90;
01.01.2003 02:00 ;  1069.2;  1069.2;   10.90;
01.01.2003 02:05 ;  1069.2;  1069.2;   10.90;
01.01.2003 02:10 ;  1069.2;  1069.2;   10.90;
01.01.2003 02:15 ;  1069.2;  1069.2;   10.90;
01.01.2003 02:20 ;  1069.2;  1069.2;   10.90;
01.01.2003 02:25 ;  1069.2;  1069.2;   10.90;
01.01.2003 02:30 ;  1069.2;  1069.2;   10.90;
01.01.2003 02:35 ;  1069.2;  1069.2;   10.90;
01.01.2003 02:40 ;  1069.2;  1069.2;   10.90;
01.01.2003 02:45 ;  1069.2;  1069.2;   10.90;
01.01.2003 02:50 ;  1069.2;  1069.2;   10.90;
01.01.2003 02:55 ;  1069.2;  1069.2;   10.90;
01.01.2003 03:00 ;  1069.2;  1069.2;   10.90;
01.01.2003 03:05 ;  1069.2;  1069.2;   10.90;
01.01.2003 03:10 ;  1069.2;  1069.2;   10.90;
01.01.2003 03:15 ;  1069.2;  1069.2;   10.90;
01.01.2003 03:20 ;  1069.2;  1069.2;   10.90;
01.01.2003 03:25 ;  1069.2;  1069.2;   10.90;
01.01.2003 03:30 ;  1069.2;  1069.2;   10.90;
01.01.2003 03:35 ;  1069.2;  1069.2;   10.90;
01.01.2003 03:40 ;  1069.2;  1069.2;   10.90;
01.01.2003 03:45 ;  1069.2;  1069.2;   10.90;
01.01.2003 03:50 ;  1069.2;  1069.2;   10.90;
01.01.2003 03:55 ;  1069.2;  1069.2;   10.90;
01.01.2003 04:00 ;  1069.2;  1069.2;   10.90;
01.01.2003 04:05 ;  1069.2;  1069.2;   10.90;
01.01.2003 04:10 ;  1069.2;  1069.2;   10.90;
01.01.2003 04:15 ;  1069.2;  1069.2;   10.90;
01.01.2003 04:20 ;  1069.2;  1069.2;   10.90;
01.01.2003 04:25 ;  1069.2;  1069.2;   10.90;
01.01.2003 04:30 ;  1069.2;  1069.2;   10.90;
01.01.2003 04:35 ;  1069.2;  1069.2;   10.90;
01.01.2003 04:40 ;  1069.2;  1069.2;   10.90;
01.01.2003 04:45 ;  1069.2;  1069.2;   10.90;
01.01.2003 04:50 ;  1069.2;  1069.2;   10.90;
01.01.2003 04:55 ;  1069.2;  1069.2;   10.90;
01.01.2003 05:00 ;  1069.2;  1069.2;   10.90;
01.01.2003 05:05 ;  1069.2;  1069.2;   10.90;
01.01.2003 05:10 ;  1069.2;  1069.2;   10.90;
01.01.2003 05:15 ;  1069.2;  1069.2;   10.90;
01.01.2003 05:20 ;  1069.2;  1069.2;   10.90;
01.01.2003 05:25 ;  1069.2;  1069.2;   10.90;
01.01.2003 05:30 ;  1069.2;  1069.2;   10.90;
01.01.2003 05:35 ;  1069.2;  1069.2;   10.90;
01.01.2003 05:40 ;  1069.2;  1069.2;   10.90;
01.01.2003 05:45 ;  1069.2;  1069.2;   10.90;
01.01.2003 05:50 ;  1069.2;  1069.2;   10.90;
01.01.2003 05:55 ;  1069.2;  1069.2;   10.90;
01.01.2003 06:00 ;  1069.2;  1069.2;   10.90;
01.01.2003 06:05 ;  1069.2;  1069.2;   10.90;
01.01.2003 06:10 ;  1069.2;  1069.2;   10.90;
01.01.2003 06:15 ;  1069.2;  1069.2;   10.90;
01.01.2003 06:20 ;  1069.2;  1069.2;   10.90;
01.01.2003 06:25 ;  1069.2;  1069.2;   10.90;
01.01.2003 06:30 ;  1069.2;  1069.2;   10.90;
01.01.2003 06:35 ;  1069.2;  1069.2;   10.90;
01.01.2003 06:40 ;  1069.2;  1069.2;   10.90;
01.01.2003 06:45 ;  1069.2;  1069.2;   10.90;
01.01.2003 06:50 ;  1069.2;  1069.2;   10.90;
01.01.2003 06:55 ;  1069.2;  1069.2;   10.90;
01.01.2003 07:00 ;  1069.2;  1069.2;   10.90;
01.01.2003 07:05 ;  1069.2;  1069.2;   10.90;
01.01.2003 07:10 ;  1069.2;  1069.2;   10.90;
01.01.2003 07:15 ;  1069.2;  1069.2;   10.90;
01.01.2003 07:20 ;  1069.2;  1069.2;   10.90;
01.01.2003 07:25 ;  1069.2;  1069.2;   10.90;
01.01.2003 07:30 ;  1069.2;  1069.2;   10.90;
01.01.2003 07:35 ;  1069.2;  1069.2;   10.90;
01.01.2003 07:40 ;  1069.2;  1069.2;   10.90;
01.01.2003 07:45 ;  1069.2;  1069.2;   10.90;
01.01.2003 07:50 ;  1069.2;  1069.2;   10.90;
01.01.2003 07:55 ;  1069.2;  1069.2;   10.90;
01.01.2003 08:00 ;  1069.2;  1069.2;   10.90;
01.01.2003 08:05 ;  1069.2;  1069.2;   10.90;
01.01.2003 08:10 ;  1069.2;  1069.2;   10.90;
01.01.2003 08:15 ;  1069.2;  1069.2;   10.90;
01.01.2003 08:20 ;  1069.2;  1069.2;   10.90;
01.01.2003 08:25 ;  1069.2;  1069.2;   10.90;
01.01.2003 08:30 ;  1069.2;  1069.2;   10.90;
01.01.2003 08:35 ;  1069.2;  1069.2;   10.90;
01.01.2003 08:40 ;  1069.2;  1069.2;   10.90;
01.01.2003 08:45 ;  1069.2;  1069.2;   10.90;
01.01.2003 08:50 ;  1069.2;  1069.2;   10.90;
01.01.2003 08:55 ;  1069.2;  1069.2;   10.90;
01.01.2003 09:00 ;  1069.2;  1069.2;   10.90;
01.01.2003 09:05 ;  1069.2;  1069.2;   10.90;
01.01.2003 09:10 ;  1069.2;  1069.2;   10.90;
01.01.2003 09:15 ;  1069.2;  1069.2;   10.90;
01.01.2003 09:20 ;  1069.2;  1069.2;   10.90;
01.01.2003 09:25 ;  1069.2;  1069.2;   10.90;
01.01.2003 09:30 ;  1069.2;  1069.2;   10.90;
01.01.2003 09:35 ;  1069.2;  1069.2;   10.90;
01.01.2003 09:40 ;  1069.2;  1069.2;   10.90;
01.01.2003 09:45 ;  1069.2;  1069.2;   10.90;
01.01.2003 09:50 ;  1069.2;  1069.2;   10.90;
01.01.2003 09:55 ;  1069.2;  1069.2;   10.90;
01.01.2003 10:00 ;  1069.2;  1069.2;   10.90;
01.01.2003 10:05 ;  1069.2;  1069.2;   10.90;
01.01.2003 10:10 ;  1069.2;  1069.2;   10.90;
01.01.2003 10:15 ;  1069.2;  1069.2;   10.90;
01.01.2003 10:20 ;  1069.2;  1069.2;   10.90;
01.01.2003 10:25 ;  1069.2;  1069.2;   10.90;
01.01.2003 10:30 ;  1069.2;  1069.2;   10.90;
01.01.2003 10:35 ;  1069.2;  1069.2;   10.90;
01.01.2003 10:40 ;  1069.2;  1069.2;   10.90;
01.01.2003 10:45 ;  1069.2;  1069.2;   10.90;
01.01.2003 10:50 ;  1069.2;  1069.2;   10.90;
01.01.2003 10:55 ;  1069.2;  1069.2;   10.90;
01.01.2003 11:00 ;  1069.2;  1069.2;   10.90;
01.01.2003 11:05 ;  1069.2;  1069.2;   10.90;
01.01.2003 11:10 ;  1069.2;  1069.2;   10.90;
01.01.2003 11:15 ;  1069.2;  1069.2;   10.90;
01.01.2003 11:20 ;  1069.2;  1069.2;   10.90;
01.01.2003 11:25 ;  1069.2;  1069.2;   10.90;
01.01.2003 11:30 ;  1069.2;  1069.2;   10.90;
01.01.2003 11:35 ;  1069.2;  1069.2;   10.90;
01.01.2003 11:40 ;  1069.2;  1069.2;   10.90;
01.01.2003 11:45 ;  1069.2;  1069.2;   10.90;
01.01.2003 11:50 ;  1069.2;  1069.2;   10.90;
01.01.2003 11:55 ;  1069.2;  1069.2;   10.90;
01.01.2003 12:00 ;  1069.2;  1069.2;   10.90;
01.01.2003 12:05 ;  1069.2;  1069.2;   10.90;
01.01.2003 12:10 ;  1069.2;  1069.2;   10.90;
01.01.2003 12:15 ;  1069.2;  1069.2;   10.90;
01.01.2003 12:20 ;  1069.2;  1069.2;   10.90;
01.01.2003 12:25 ;  1069.2;  1069.2;   10.90;
01.01.2003 12:30 ;  1069.2;  1069.2;   10.90;
01.01.2003 12:35 ;  1069.2;  1069.2;   10.90;
01.01.2003 12:40 ;  1069.2;  1069.2;   10.90;
01.01.2003 12:45 ;  1069.2;  1069.2;   10.90;
01.01.2003 12:50 ;  1069.2;  1069.2;   10.90;
01.01.2003 12:55 ;  1069.2;  1069.2;   10.90;
01.01.2003 13:00 ;  1069.2;  1069.2;   10.90;
01.01.2003 13:05 ;  1069.2;  1069.2;   10.90;
01.01.2003 13:10 ;  1069.2;  1069.2;   10.90;
01.01.2003 13:15 ;  1069.2;  1069.2;   10.90;
01.01.2003 13:20 ;  1069.2;  1069.2;   10.90;
01.01.2003 13:25 ;  1069.2;  1069.2;   10.90;
01.01.2003 13:30 ;  1069.2;  1069.2;   10.90;
01.01.2003 13:35 ;  1069.2;  1069.2;   10.90;
01.01.2003 13:40 ;  1069.2;  1069.2;   10.90;
01.01.2003 13:45 ;  1069.2;  1069.2;   10.90;
01.01.2003 13:50 ;  1069.2;  1069.2;   10.90;
01.01.2003 13:55 ;  1069.2;  1069.2;   10.90;
01.01.2003 14:00 ;  1069.2;  1069.2;   10.90;
01.01.2003 14:05 ;  1069.2;  1069.2;   10.90;
01.01.2003 14:10 ;  1069.2;  1069.2;   10.90;
01.01.2003 14:15 ;  1069.2;  1069.2;   10.90;
01.01.2003 14:20 ;  1069.2;  1069.2;   10.90;
01.01.2003 14:25 ;  1069.2;  1069.2;   10.90;
01.01.2003 14:30 ;  1069.2;  1069.2;   10.90;
01.01.2003 14:35 ;  1069.2;  1069.2;   10.90;
01.01.2003 14:40 ;  1069.2;  1069.2;   10.90;
01.01.2003 14:45 ;  1069.2;  1069.2;   10.90;
01.01.2003 14:50 ;  1069.2;  1069.2;   10.90;
01.01.2003 14:55 ;  1069.2;  1069.2;   10.90;
01.01.2003 15:00 ;  1069.2;  1069.2;   10.90;
01.01.2003 15:05 ;  1069.2;  1069.2;   10.90;
01.01.2003 15:10 ;  1069.2;  1069.2;   10.90;
01.01.2003 15:15 ;  1069.2;  1069.2;   10.90;
01.01.2003 15:20 ;  1069.2;  1069.2;   10.90;
01.01.2003 15:25 ;  1069.2;  1069.2;   10.90;
01.01.2003 15:30 ;  1069.2;  1069.2;   10.90;
01.01.2003 15:35 ;  1069.2;  1069.2;   10.90;
01.01.2003 15:40 ;  1069.2;  1069.2;   10.90;
01.01.2003 15:45 ;  1069.2;  1069.2;   10.90;
01.01.2003 15:50 ;  1069.2;  1069.2;   10.90;
01.01.2003 15:55 ;  1069.2;  1069.2;   10.90;
01.01.2003 16:00 ;  1069.2;  1069.2;   10.90;
01.01.2003 16:05 ;  1069.2;  1069.2;   10.90;
01.01.2003 16:10 ;  1069.2;  1069.2;   10.90;
01.01.2003 16:15 ;  1069.2;  1069.2;   10.90;
01.01.2003 16:20 ;  1069.2;  1069.2;   10.90;
01.01.2003 16:25 ;  1069.2;  1069.2;   10.90;
01.01.2003 16:30 ;  1069.2;  1069.2;   10.90;
01.01.2003 16:35 ;  1069.2;  1069.2;   10.90;
01.01.2003 16:40 ;  1069.2;  1069.2;   10.90;
01.01.2003 16:45 ;  1069.2;  1069.2;   10.90;
01.01.2003 16:50 ;  1069.2;  1069.2;   10.90;
01.01.2003 16:55 ;  1069.2;  1069.2;   10.90;
01.01.2003 17:00 ;  1069.2;  1069.2;   10.90;
01.01.2003 17:05 ;  1069.2;  1069.2;   10.90;
01.01.2003 17:10 ;  1069.2;  1069.2;   10.90;
01.01.2003 17:15 ;  1069.2;  1069.2;   10.90;
01.01.2003 17:20 ;  1069.2;  1069.2;   10.90;
01.01.2003 17:25 ;  1069.2;  1069.2;   10.90;
01.01.2003 17:30 ;  1069.2;  1069.2;   10.90;
01.01.2003 17:35 ;  1069.2;  1069.2;   10.90;
01.01.2003 17:40 ;  1069.2;  1069.2;   10.90;
01.01.2003 17:45 ;  1069.2;  1069.2;   10.90;
01.01.2003 17:50 ;  1069.2;  1069.2;   10.90;
01.01.2003 17:55 ;  1069.2;  1069.2;   10.90;
01.01.2003 18:00 ;  1069.2;  1069.2;   10.90;
01.01.2003 18:05 ;  1069.2;  1069.2;   10.90;
01.01.2003 18:10 ;  1069.2;  1069.2;   10.90;
01.01.2003 18:15 ;  1069.2;  1069.2;   10.90;
01.01.2003 18:20 ;  1069.2;  1069.2;   10.90;
01.01.2003 18:25 ;  1069.2;  1069.2;   10.90;
01.01.2003 18:30 ;  1069.2;  1069.2;   10.90;
01.01.2003 18:35 ;  1069.2;  1069.2;   10.90;
01.01.2003 18:40 ;  1069.2;  1069.2;   10.90;
01.01.2003 18:45 ;  1069.2;  1069.2;   10.90;
01.01.2003 18:50 ;  1069.2;  1069.2;   10.90;
01.01.2003 18:55 ;  1069.2;  1069.2;   10.90;
01.01.2003 19:00 ;  1069.2;  1069.2;   10.90;
01.01.2003 19:05 ;  1069.2;  1069.2;   10.90;
01.01.2003 19:10 ;  1069.2;  1069.2;   10.90;
01.01.2003 19:15 ;  1069.2;  1069.2;   10.90;
01.01.2003 19:20 ;  1069.2;  1069.2;   10.90;
01.01.2003 19:25 ;  1069.2;  1069.2;   10.90;
01.01.2003 19:30 ;  1069.2;  1069.2;   10.90;
01.01.2003 19:35 ;  1069.2;  1069.2;   10.90;
01.01.2003 19:40 ;  1069.2;  1069.2;   10.90;
01.01.2003 19:45 ;  1069.2;  1069.2;   10.90;
01.01.2003 19:50 ;  1069.2;  1069.2;   10.90;
01.01.2003 19:55 ;  1069.2;  1069.2;   10.90;
01.01.2003 20:00 ;  1069.2;  1069.2;   10.90;
01.01.2003 20:05 ;  1069.2;  1069.2;   10.90;
01.01.2003 20:10 ;  1069.2;  1069.2;   10.90;
01.01.2003 20:15 ;  1069.2;  1069.2;   10.90;
01.01.2003 20:20 ;  1069.2;  1069.2;   10.90;
01.01.2003 20:25 ;  1069.2;  1069.2;   10.90;
01.01.2003 20:30 ;  1069.2;  1069.2;   10.90;
01.01.2003 20:35 ;  1069.2;  1069.2;   10.90;
01.01.2003 20:40 ;  1069.2;  1069.2;   10.90;
01.01.2003 20:45 ;  1069.2;  1069.2;   10.90;
01.01.2003 20:50 ;  1069.2;  1069.2;   10.90;
01.01.2003 20:55 ;  1069.2;  1069.2;   10.90;
01.01.2003 21:00 ;  1069.2;  1069.2;   10.90;
01.01.2003 21:05 ;  1069.2;  1069.2;   10.90;
01.01.2003 21:10 ;  1069.2;  1069.2;   10.90;
01.01.2003 21:15 ;  1069.2;  1069.2;   10.90;
01.01.2003 21:20 ;  1069.2;  1069.2;   10.90;
01.01.2003 21:25 ;  1069.2;  1069.2;   10.90;
01.01.2003 21:30 ;  1069.2;  1069.2;   10.90;
01.01.2003 21:35 ;  1069.2;  1069.2;   10.90;
01.01.2003 21:40 ;  1069.2;  1069.2;   10.90;
01.01.2003 21:45 ;  1069.2;  1069.2;   10.90;
01.01.2003 21:50 ;  1069.2;  1069.2;   10.90;
01.01.2003 21:55 ;  1069.2;  1069.2;   10.90;
01.01.2003 22:00 ;  1069.2;  1069.2;   10.90;
01.01.2003 22:05 ;  1069.2;  1069.2;   10.90;
01.01.2003 22:10 ;  1069.2;  1069.2;   10.90;
01.01.2003 22:15 ;  1069.2;  1069.2;   10.90;
01.01.2003 22:20 ;  1069.2;  1069.2;   10.90;
01.01.2003 22:25 ;  1069.2;  1069.2;   10.90;
01.01.2003 22:30 ;  1069.2;  1069.2;   10.90;
01.01.2003 22:35 ;  1069.2;  1069.2;   10.90;
01.01.2003 22:40 ;  1069.2;  1069.2;   10.90;
01.01.2003 22:45 ;  1069.2;  1069.2;   10.90;
01.01.2003 22:50 ;  1069.2;  1069.2;   10.90;
01.01.2003 22:55 ;  1069.2;  1069.2;   10.90;
01.01.2003 23:00 ;  1069.2;  1069.2;   10.90;
01.01.2003 23:05 ;  1069.2;  1069.2;   10.90;
01.01.2003 23:10 ;  1069.2;  1069.2;   10.90;
01.01.2003 23:15 ;  1069.2;  1069.2;   10.90;
01.01.2003 23:20 ;  1069.2;  1069.2;   10.90;
01.01.2003 23:25 ;  1069.2;  1069.2;   10.90;
01.01.2003 23:30 ;  1069.2;  1069.2;   10.90;
01.01.2003 23:35 ;  1069.2;  1069.2;   10.90;
01.01.2003 23:40 ;  1069.2;  1069.2;   10.90;
01.01.2003 23:45 ;  1069.2;  1069.2;   10.90;
01.01.2003 23:50 ;  1069.2;  1069.2;   10.90;
01.01.2003 23:55 ;  1069.2;  1069.2;   10.90;
02.01.2003 00:00 ;  1069.2;  1069.2;   10.90;
02.01.2003 00:05 ;  1069.2;  1069.2;   10.90;
02.01.2003 00:10 ;  1069.2;  1069.2;   10.90;
02.01.2003 00:15 ;  1069.2;  1069.2;   10.90;
02.01.2003 00:20 ;  1069.2;  1069.2;   10.90;
02.01.2003 00:25 ;  1069.2;  1069.2;   10.90;
02.01.2003 00:30 ;  1069.2;  1069.2;   10.90;
02.01.2003 00:35 ;  1069.2;  1069.2;   10.90;
02.01.2003 00:40 ;  1069.2;  1069.2;   10.90;
02.01.2003 00:45 ;  1069.2;  1069.2;   10.90;
02.01.2003 00:50 ;  1069.2;  1069.2;   10.90;
02.01.2003 00:55 ;  1069.2;  1069.2;   10.90;
02.01.2003 01:00 ;  1069.2;  1069.2;   10.90;
02.01.2003 01:05 ;  1069.2;  1069.2;   10.90;
02.01.2003 01:10 ;  1069.2;  1069.2;   10.90;
02.01.2003 01:15 ;  1069.2;  1069.2;   10.90;
02.01.2003 01:20 ;  1069.2;  1069.2;   10.90;
02.01.2003 01:25 ;  1069.2;  1069.2;   10.90;
02.01.2003 01:30 ;  1069.2;  1069.2;   10.90;
02.01.2003 01:35 ;  1069.2;  1069.2;   10.90;
02.01.2003 01:40 ;  1069.2;  1069.2;   10.90;
02.01.2003 01:45 ;  1069.2;  1069.2;   10.90;
02.01.2003 01:50 ;  1069.2;  1069.2;   10.90;
02.01.2003 01:55 ;  1069.2;  1069.2;   10.90;
02.01.2003 02:00 ;  1069.2;  1069.2;   10.90;
02.01.2003 02:05 ;  1069.2;  1069.2;   10.90;
02.01.2003 02:10 ;  1069.2;  1069.2;   10.90;
02.01.2003 02:15 ;  1069.2;  1069.2;   10.90;
02.01.2003 02:20 ;  1069.2;  1069.2;   10.90;
02.01.2003 02:25 ;  1069.2;  1069.2;   10.90;
02.01.2003 02:30 ;  1100.7;  1079.8;   10.84;
02.01.2003 02:35 ;  1155.6;  1107.2;   10.70;
02.01.2003 02:40 ;  1151.1;  1126.8;   10.68;
02.01.2003 02:45 ;  1132.4;  1132.1;   10.70;
02.01.2003 02:50 ;  1109.7;  1125.5;   10.75;
02.01.2003 02:55 ;  1112.9;  1120.1;   10.75;
02.01.2003 03:00 ;  1160.4;  1132.7;   10.65;
02.01.2003 03:05 ;  1139.0;  1137.1;   10.68;
02.01.2003 03:10 ;  1084.6;  1120.2;   10.80;
02.01.2003 03:15 ;  1069.2;  1100.0;   10.85;
02.01.2003 03:20 ;  1069.2;  1086.1;   10.88;
02.01.2003 03:25 ;  1069.2;  1078.0;   10.89;
02.01.2003 03:30 ;  1069.2;  1073.6;   10.90;
02.01.2003 03:35 ;  1069.2;  1071.3;   10.90;
02.01.2003 03:40 ;  1069.2;  1070.2;   10.90;
02.01.2003 03:45 ;  1069.2;  1069.7;   10.90;
02.01.2003 03:50 ;  1081.5;  1073.6;   10.88;
02.01.2003 03:55 ;  1069.2;  1072.8;   10.90;
02.01.2003 04:00 ;  1069.2;  1071.4;   10.90;
02.01.2003 04:05 ;  1069.2;  1070.4;   10.90;
02.01.2003 04:10 ;  1069.2;  1069.9;   10.90;
02.01.2003 04:15 ;  1069.2;  1069.5;   10.90;
02.01.2003 04:20 ;  1069.2;  1069.4;   10.90;
02.01.2003 04:25 ;  1069.2;  1069.3;   10.90;
02.01.2003 04:30 ;  1069.2;  1069.2;   10.90;
02.01.2003 04:35 ;  1069.2;  1069.2;   10.90;
02.01.2003 04:40 ;  1071.8;  1070.1;   10.90;
02.01.2003 04:45 ;  1069.2;  1069.9;   10.90;
02.01.2003 04:50 ;  1069.2;  1069.7;   10.90;
02.01.2003 04:55 ;  1069.2;  1069.5;   10.90;
02.01.2003 05:00 ;  1069.2;  1069.3;   10.90;
02.01.2003 05:05 ;  1069.2;  1069.3;   10.90;
02.01.2003 05:10 ;  1069.2;  1069.2;   10.90;
02.01.2003 05:15 ;  1069.2;  1069.2;   10.90;
02.01.2003 05:20 ;  1069.2;  1069.2;   10.90;
02.01.2003 05:25 ;  1069.2;  1069.2;   10.90;
02.01.2003 05:30 ;  1069.2;  1069.2;   10.90;
02.01.2003 05:35 ;  1069.2;  1069.2;   10.90;
02.01.2003 05:40 ;  1069.2;  1069.2;   10.90;
02.01.2003 05:45 ;  1069.2;  1069.2;   10.90;
02.01.2003 05:50 ;  1069.2;  1069.2;   10.90;
02.01.2003 05:55 ;  1116.4;  1085.1;   10.80;
02.01.2003 06:00 ;  1124.2;  1101.0;   10.76;
02.01.2003 06:05 ;  1087.5;  1099.3;   10.82;
02.01.2003 06:10 ;  1069.2;  1088.9;   10.87;
02.01.2003 06:15 ;  1069.2;  1080.4;   10.89;
02.01.2003 06:20 ;  1069.2;  1075.1;   10.89;
02.01.2003 06:25 ;  1069.2;  1072.2;   10.90;
02.01.2003 06:30 ;  1080.7;  1074.6;   10.88;
02.01.2003 06:35 ;  1102.7;  1084.4;   10.82;
02.01.2003 06:40 ;  1098.8;  1091.0;   10.82;
02.01.2003 06:45 ;  1092.3;  1092.6;   10.83;
02.01.2003 06:50 ;  1072.0;  1086.0;   10.87;
02.01.2003 06:55 ;  1075.6;  1081.3;   10.87;
02.01.2003 07:00 ;  1073.7;  1077.9;   10.88;
02.01.2003 07:05 ;  1069.2;  1074.4;   10.90;
02.01.2003 07:10 ;  1069.2;  1072.0;   10.90;
02.01.2003 07:15 ;  1084.5;  1075.8;   10.87;
02.01.2003 07:20 ;  1113.4;  1089.1;   10.80;
02.01.2003 07:25 ;  1149.6;  1111.8;   10.70;
02.01.2003 07:30 ;  1165.7;  1134.0;   10.64;
02.01.2003 07:35 ;  1142.6;  1140.8;   10.67;
02.01.2003 07:40 ;  1155.0;  1146.8;   10.64;
02.01.2003 07:45 ;  1129.8;  1142.1;   10.69;
02.01.2003 07:50 ;  1103.1;  1128.2;   10.75;
02.01.2003 07:55 ;  1069.2;  1105.9;   10.84;
02.01.2003 08:00 ;  1069.2;  1089.6;   10.87;
02.01.2003 08:05 ;  1069.2;  1079.9;   10.89;
02.01.2003 08:10 ;  1069.2;  1074.6;   10.90;
02.01.2003 08:15 ;  1069.2;  1071.8;   10.90;
02.01.2003 08:20 ;  1069.2;  1070.5;   10.90;
02.01.2003 08:25 ;  1069.2;  1069.8;   10.90;
02.01.2003 08:30 ;  1069.2;  1069.5;   10.90;
02.01.2003 08:35 ;  1069.2;  1069.3;   10.90;
02.01.2003 08:40 ;  1069.2;  1069.3;   10.90;
02.01.2003 08:45 ;  1069.2;  1069.2;   10.90;
02.01.2003 08:50 ;  1069.2;  1069.2;   10.90;
02.01.2003 08:55 ;  1069.2;  1069.2;   10.90;
02.01.2003 09:00 ;  1069.2;  1069.2;   10.90;
02.01.2003 09:05 ;  1069.2;  1069.2;   10.90;
02.01.2003 09:10 ;  1069.2;  1069.2;   10.90;
02.01.2003 09:15 ;  1069.2;  1069.2;   10.90;
02.01.2003 09:20 ;  1069.2;  1069.2;   10.90;
02.01.2003 09:25 ;  1069.2;  1069.2;   10.90;
02.01.2003 09:30 ;  1069.2;  1069.2;   10.90;
02.01.2003 09:35 ;  1069.2;  1069.2;   10.90;
02.01.2003 09:40 ;  1110.5;  1083.1;   10.81;
02.01.2003 09:45 ;  1207.1;  1127.3;   10.59;
02.01.2003 09:50 ;  1195.9;  1158.2;   10.56;
02.01.2003 09:55 ;  1107.4;  1146.5;   10.72;
02.01.2003 10:00 ;  1075.3;  1120.5;   10.81;
02.01.2003 10:05 ;  1072.3;  1099.7;   10.85;
02.01.2003 10:10 ;  1069.2;  1085.8;   10.88;
02.01.2003 10:15 ;  1069.2;  1077.7;   10.89;
02.01.2003 10:20 ;  1069.2;  1073.4;   10.90;
02.01.2003 10:25 ;  1069.2;  1071.3;   10.90;
02.01.2003 10:30 ;  1069.2;  1070.2;   10.90;
02.01.2003 10:35 ;  1069.2;  1069.7;   10.90;
02.01.2003 10:40 ;  1069.2;  1069.4;   10.90;
02.01.2003 10:45 ;  1069.2;  1069.3;   10.90;
02.01.2003 10:50 ;  1069.2;  1069.2;   10.90;
02.01.2003 10:55 ;  1069.2;  1069.2;   10.90;
02.01.2003 11:00 ;  1069.2;  1069.2;   10.90;
02.01.2003 11:05 ;  1069.2;  1069.2;   10.90;
02.01.2003 11:10 ;  1069.2;  1069.2;   10.90;
02.01.2003 11:15 ;  1069.2;  1069.2;   10.90;
02.01.2003 11:20 ;  1069.2;  1069.2;   10.90;
02.01.2003 11:25 ;  1069.2;  1069.2;   10.90;
02.01.2003 11:30 ;  1069.2;  1069.2;   10.90;
02.01.2003 11:35 ;  1069.2;  1069.2;   10.90;
02.01.2003 11:40 ;  1069.2;  1069.2;   10.90;
02.01.2003 11:45 ;  1069.2;  1069.2;   10.90;
02.01.2003 11:50 ;  1069.2;  1069.2;   10.90;
02.01.2003 11:55 ;  1069.2;  1069.2;   10.90;
02.01.2003 12:00 ;  1069.2;  1069.2;   10.90;
02.01.2003 12:05 ;  1069.2;  1069.2;   10.90;
02.01.2003 12:10 ;  1069.2;  1069.2;   10.90;
02.01.2003 12:15 ;  1069.2;  1069.2;   10.90;
02.01.2003 12:20 ;  1069.2;  1069.2;   10.90;
02.01.2003 12:25 ;  1069.2;  1069.2;   10.90;
02.01.2003 12:30 ;  1069.2;  1069.2;   10.90;
02.01.2003 12:35 ;  1069.2;  1069.2;   10.90;
02.01.2003 12:40 ;  1069.2;  1069.2;   10.90;
02.01.2003 12:45 ;  1069.2;  1069.2;   10.90;
02.01.2003 12:50 ;  1069.2;  1069.2;   10.90;
02.01.2003 12:55 ;  1069.2;  1069.2;   10.90;
02.01.2003 13:00 ;  1069.2;  1069.2;   10.90;
02.01.2003 13:05 ;  1069.2;  1069.2;   10.90;
02.01.2003 13:10 ;  1069.2;  1069.2;   10.90;
02.01.2003 13:15 ;  1069.2;  1069.2;   10.90;
02.01.2003 13:20 ;  1069.2;  1069.2;   10.90;
02.01.2003 13:25 ;  1069.2;  1069.2;   10.90;
02.01.2003 13:30 ;  1069.2;  1069.2;   10.90;
02.01.2003 13:35 ;  1069.2;  1069.2;   10.90;
02.01.2003 13:40 ;  1069.2;  1069.2;   10.90;
02.01.2003 13:45 ;  1069.2;  1069.2;   10.90;
02.01.2003 13:50 ;  1069.2;  1069.2;   10.90;
02.01.2003 13:55 ;  1069.2;  1069.2;   10.90;
02.01.2003 14:00 ;  1069.2;  1069.2;   10.90;
02.01.2003 14:05 ;  1069.2;  1069.2;   10.90;
02.01.2003 14:10 ;  1069.2;  1069.2;   10.90;
02.01.2003 14:15 ;  1069.2;  1069.2;   10.90;
02.01.2003 14:20 ;  1069.2;  1069.2;   10.90;
02.01.2003 14:25 ;  1069.2;  1069.2;   10.90;
02.01.2003 14:30 ;  1069.2;  1069.2;   10.90;
02.01.2003 14:35 ;  1069.2;  1069.2;   10.90;
02.01.2003 14:40 ;  1069.2;  1069.2;   10.90;
02.01.2003 14:45 ;  1069.2;  1069.2;   10.90;
02.01.2003 14:50 ;  1069.2;  1069.2;   10.90;
02.01.2003 14:55 ;  1069.2;  1069.2;   10.90;
02.01.2003 15:00 ;  1069.2;  1069.2;   10.90;
02.01.2003 15:05 ;  1069.2;  1069.2;   10.90;
02.01.2003 15:10 ;  1069.2;  1069.2;   10.90;
02.01.2003 15:15 ;  1069.2;  1069.2;   10.90;
02.01.2003 15:20 ;  1069.2;  1069.2;   10.90;
02.01.2003 15:25 ;  1069.2;  1069.2;   10.90;
02.01.2003 15:30 ;  1069.2;  1069.2;   10.90;
02.01.2003 15:35 ;  1069.2;  1069.2;   10.90;
02.01.2003 15:40 ;  1069.2;  1069.2;   10.90;
02.01.2003 15:45 ;  1069.2;  1069.2;   10.90;
02.01.2003 15:50 ;  1069.2;  1069.2;   10.90;
02.01.2003 15:55 ;  1069.2;  1069.2;   10.90;
02.01.2003 16:00 ;  1069.2;  1069.2;   10.90;
02.01.2003 16:05 ;  1069.2;  1069.2;   10.90;
02.01.2003 16:10 ;  1069.2;  1069.2;   10.90;
02.01.2003 16:15 ;  1076.7;  1071.7;   10.89;
02.01.2003 16:20 ;  1081.9;  1075.6;   10.87;
02.01.2003 16:25 ;  1088.0;  1080.5;   10.85;
02.01.2003 16:30 ;  1069.2;  1077.5;   10.89;
02.01.2003 16:35 ;  1069.2;  1074.2;   10.90;
02.01.2003 16:40 ;  1069.2;  1071.9;   10.90;
02.01.2003 16:45 ;  1069.2;  1070.6;   10.90;
02.01.2003 16:50 ;  1069.2;  1069.9;   10.90;
02.01.2003 16:55 ;  1069.2;  1069.5;   10.90;
02.01.2003 17:00 ;  1069.2;  1069.4;   10.90;
02.01.2003 17:05 ;  1069.2;  1069.3;   10.90;
02.01.2003 17:10 ;  1069.2;  1069.2;   10.90;
02.01.2003 17:15 ;  1069.2;  1069.2;   10.90;
02.01.2003 17:20 ;  1069.2;  1069.2;   10.90;
02.01.2003 17:25 ;  1069.2;  1069.2;   10.90;
02.01.2003 17:30 ;  1080.2;  1072.9;   10.88;
02.01.2003 17:35 ;  1120.4;  1089.5;   10.79;
02.01.2003 17:40 ;  1102.9;  1097.0;   10.80;
02.01.2003 17:45 ;  1114.0;  1104.0;   10.77;
02.01.2003 17:50 ;  1127.2;  1113.1;   10.74;
02.01.2003 17:55 ;  1124.6;  1118.5;   10.73;
02.01.2003 18:00 ;  1157.1;  1132.5;   10.66;
02.01.2003 18:05 ;  1180.0;  1150.9;   10.59;
02.01.2003 18:10 ;  1141.6;  1151.0;   10.65;
02.01.2003 18:15 ;  1092.4;  1131.3;   10.76;
02.01.2003 18:20 ;  1069.2;  1106.9;   10.84;
02.01.2003 18:25 ;  1069.2;  1089.9;   10.87;
02.01.2003 18:30 ;  1069.2;  1080.0;   10.89;
02.01.2003 18:35 ;  1069.2;  1074.6;   10.90;
02.01.2003 18:40 ;  1069.2;  1071.8;   10.90;
02.01.2003 18:45 ;  1069.2;  1070.5;   10.90;
02.01.2003 18:50 ;  1069.2;  1069.8;   10.90;
02.01.2003 18:55 ;  1069.2;  1069.5;   10.90;
02.01.2003 19:00 ;  1070.6;  1069.8;   10.90;
02.01.2003 19:05 ;  1090.3;  1076.8;   10.86;
02.01.2003 19:10 ;  1081.3;  1079.5;   10.87;
02.01.2003 19:15 ;  1069.2;  1076.5;   10.89;
02.01.2003 19:20 ;  1069.2;  1073.5;   10.90;
02.01.2003 19:25 ;  1069.2;  1071.5;   10.90;
02.01.2003 19:30 ;  1069.2;  1070.4;   10.90;
02.01.2003 19:35 ;  1069.2;  1069.8;   10.90;
02.01.2003 19:40 ;  1080.7;  1073.4;   10.88;
02.01.2003 19:45 ;  1069.5;  1072.7;   10.90;
02.01.2003 19:50 ;  1069.2;  1071.4;   10.90;
02.01.2003 19:55 ;  1069.2;  1070.4;   10.90;
02.01.2003 20:00 ;  1070.9;  1070.4;   10.90;
02.01.2003 20:05 ;  1103.9;  1081.7;   10.83;
02.01.2003 20:10 ;  1237.8;  1136.2;   10.53;
02.01.2003 20:15 ;  1308.7;  1205.3;   10.34;
02.01.2003 20:20 ;  1237.8;  1228.6;   10.40;
02.01.2003 20:25 ;  1168.9;  1211.4;   10.52;
02.01.2003 20:30 ;  1115.4;  1175.4;   10.66;
02.01.2003 20:35 ;  1115.5;  1149.2;   10.70;
02.01.2003 20:40 ;  1114.1;  1132.7;   10.73;
02.01.2003 20:45 ;  1125.3;  1127.3;   10.72;
02.01.2003 20:50 ;  1140.9;  1130.9;   10.69;
02.01.2003 20:55 ;  1099.1;  1120.9;   10.77;
02.01.2003 21:00 ;  1069.2;  1101.7;   10.85;
02.01.2003 21:05 ;  1069.2;  1087.4;   10.87;
02.01.2003 21:10 ;  1069.2;  1078.7;   10.89;
02.01.2003 21:15 ;  1069.2;  1074.0;   10.90;
02.01.2003 21:20 ;  1069.2;  1071.6;   10.90;
02.01.2003 21:25 ;  1069.2;  1070.3;   10.90;
02.01.2003 21:30 ;  1069.2;  1069.7;   10.90;
02.01.2003 21:35 ;  1069.2;  1069.4;   10.90;
02.01.2003 21:40 ;  1069.2;  1069.3;   10.90;
02.01.2003 21:45 ;  1069.2;  1069.3;   10.90;
02.01.2003 21:50 ;  1069.2;  1069.2;   10.90;
02.01.2003 21:55 ;  1069.2;  1069.2;   10.90;
02.01.2003 22:00 ;  1069.2;  1069.2;   10.90;
02.01.2003 22:05 ;  1069.2;  1069.2;   10.90;
02.01.2003 22:10 ;  1069.2;  1069.2;   10.90;
02.01.2003 22:15 ;  1069.2;  1069.2;   10.90;
02.01.2003 22:20 ;  1069.2;  1069.2;   10.90;
02.01.2003 22:25 ;  1069.2;  1069.2;   10.90;
02.01.2003 22:30 ;  1069.2;  1069.2;   10.90;
02.01.2003 22:35 ;  1069.2;  1069.2;   10.90;
02.01.2003 22:40 ;  1069.2;  1069.2;   10.90;
02.01.2003 22:45 ;  1069.2;  1069.2;   10.90;
02.01.2003 22:50 ;  1069.2;  1069.2;   10.90;
02.01.2003 22:55 ;  1069.2;  1069.2;   10.90;
02.01.2003 23:00 ;  1069.2;  1069.2;   10.90;
02.01.2003 23:05 ;  1069.2;  1069.2;   10.90;
02.01.2003 23:10 ;  1069.2;  1069.2;   10.90;
02.01.2003 23:15 ;  1069.2;  1069.2;   10.90;
02.01.2003 23:20 ;  1069.2;  1069.2;   10.90;
02.01.2003 23:25 ;  1069.2;  1069.2;   10.90;
02.01.2003 23:30 ;  1069.2;  1069.2;   10.90;
02.01.2003 23:35 ;  1069.2;  1069.2;   10.90;
02.01.2003 23:40 ;  1069.2;  1069.2;   10.90;
02.01.2003 23:45 ;  1069.2;  1069.2;   10.90;
02.01.2003 23:50 ;  1069.2;  1069.2;   10.90;
02.01.2003 23:55 ;  1069.2;  1069.2;   10.90;
03.01.2003 00:00 ;  1069.2;  1069.2;   10.90;
03.01.2003 00:05 ;  1069.2;  1069.2;   10.90;
03.01.2003 00:10 ;  1069.2;  1069.2;   10.90;
03.01.2003 00:15 ;  1069.2;  1069.2;   10.90;
03.01.2003 00:20 ;  1071.8;  1070.1;   10.90;
03.01.2003 00:25 ;  1084.5;  1075.1;   10.87;
03.01.2003 00:30 ;  1074.3;  1075.7;   10.89;
03.01.2003 00:35 ;  1069.2;  1073.6;   10.90;
03.01.2003 00:40 ;  1069.2;  1071.8;   10.90;
03.01.2003 00:45 ;  1069.2;  1070.6;   10.90;
03.01.2003 00:50 ;  1069.2;  1069.9;   10.90;
03.01.2003 00:55 ;  1069.2;  1069.5;   10.90;
03.01.2003 01:00 ;  1069.2;  1069.4;   10.90;
03.01.2003 01:05 ;  1069.2;  1069.3;   10.90;
03.01.2003 01:10 ;  1069.2;  1069.2;   10.90;
03.01.2003 01:15 ;  1069.2;  1069.2;   10.90;
03.01.2003 01:20 ;  1069.2;  1069.2;   10.90;
03.01.2003 01:25 ;  1069.2;  1069.2;   10.90;
03.01.2003 01:30 ;  1069.2;  1069.2;   10.90;
03.01.2003 01:35 ;  1069.2;  1069.2;   10.90;
03.01.2003 01:40 ;  1069.2;  1069.2;   10.90;
03.01.2003 01:45 ;  1069.2;  1069.2;   10.90;
03.01.2003 01:50 ;  1069.2;  1069.2;   10.90;
03.01.2003 01:55 ;  1069.2;  1069.2;   10.90;
03.01.2003 02:00 ;  1069.2;  1069.2;   10.90;
03.01.2003 02:05 ;  1069.2;  1069.2;   10.90;
03.01.2003 02:10 ;  1069.2;  1069.2;   10.90;
03.01.2003 02:15 ;  1069.2;  1069.2;   10.90;
03.01.2003 02:20 ;  1069.2;  1069.2;   10.90;
03.01.2003 02:25 ;  1069.2;  1069.2;   10.90;
03.01.2003 02:30 ;  1069.2;  1069.2;   10.90;
03.01.2003 02:35 ;  1069.2;  1069.2;   10.90;
03.01.2003 02:40 ;  1069.2;  1069.2;   10.90;
03.01.2003 02:45 ;  1069.2;  1069.2;   10.90;
03.01.2003 02:50 ;  1069.2;  1069.2;   10.90;
03.01.2003 02:55 ;  1069.2;  1069.2;   10.90;
03.01.2003 03:00 ;  1069.2;  1069.2;   10.90;
03.01.2003 03:05 ;  1069.2;  1069.2;   10.90;
03.01.2003 03:10 ;  1069.2;  1069.2;   10.90;
03.01.2003 03:15 ;  1069.2;  1069.2;   10.90;
03.01.2003 03:20 ;  1069.2;  1069.2;   10.90;
03.01.2003 03:25 ;  1069.2;  1069.2;   10.90;
03.01.2003 03:30 ;  1069.2;  1069.2;   10.90;
03.01.2003 03:35 ;  1069.2;  1069.2;   10.90;
03.01.2003 03:40 ;  1069.2;  1069.2;   10.90;
03.01.2003 03:45 ;  1069.2;  1069.2;   10.90;
03.01.2003 03:50 ;  1069.2;  1069.2;   10.90;
03.01.2003 03:55 ;  1069.2;  1069.2;   10.90;
03.01.2003 04:00 ;  1095.2;  1078.0;   10.85;
03.01.2003 04:05 ;  1135.5;  1098.9;   10.75;
03.01.2003 04:10 ;  1137.0;  1115.4;   10.72;
03.01.2003 04:15 ;  1113.5;  1117.7;   10.75;
03.01.2003 04:20 ;  1103.3;  1113.2;   10.78;
03.01.2003 04:25 ;  1076.0;  1099.9;   10.84;
03.01.2003 04:30 ;  1069.2;  1087.2;   10.87;
03.01.2003 04:35 ;  1069.2;  1078.9;   10.89;
03.01.2003 04:40 ;  1069.2;  1074.2;   10.90;
03.01.2003 04:45 ;  1069.2;  1071.7;   10.90;
03.01.2003 04:50 ;  1069.2;  1070.4;   10.90;
03.01.2003 04:55 ;  1069.2;  1069.8;   10.90;
03.01.2003 05:00 ;  1102.2;  1080.6;   10.83;
03.01.2003 05:05 ;  1165.7;  1111.1;   10.68;
03.01.2003 05:10 ;  1140.5;  1126.4;   10.69;
03.01.2003 05:15 ;  1082.2;  1114.2;   10.81;
03.01.2003 05:20 ;  1069.2;  1096.9;   10.86;
03.01.2003 05:25 ;  1069.2;  1084.5;   10.88;
03.01.2003 05:30 ;  1069.2;  1077.2;   10.89;
03.01.2003 05:35 ;  1069.2;  1073.2;   10.90;
03.01.2003 05:40 ;  1069.2;  1071.2;   10.90;
03.01.2003 05:45 ;  1069.2;  1070.1;   10.90;
03.01.2003 05:50 ;  1069.2;  1069.6;   10.90;
03.01.2003 05:55 ;  1069.2;  1069.4;   10.90;
03.01.2003 06:00 ;  1069.2;  1069.3;   10.90;
03.01.2003 06:05 ;  1069.2;  1069.2;   10.90;
03.01.2003 06:10 ;  1069.2;  1069.2;   10.90;
03.01.2003 06:15 ;  1069.2;  1069.2;   10.90;
03.01.2003 06:20 ;  1069.2;  1069.2;   10.90;
03.01.2003 06:25 ;  1069.2;  1069.2;   10.90;
03.01.2003 06:30 ;  1069.2;  1069.2;   10.90;
03.01.2003 06:35 ;  1069.2;  1069.2;   10.90;
03.01.2003 06:40 ;  1069.2;  1069.2;   10.90;
03.01.2003 06:45 ;  1069.2;  1069.2;   10.90;
03.01.2003 06:50 ;  1069.2;  1069.2;   10.90;
03.01.2003 06:55 ;  1069.2;  1069.2;   10.90;
03.01.2003 07:00 ;  1069.2;  1069.2;   10.90;
03.01.2003 07:05 ;  1069.2;  1069.2;   10.90;
03.01.2003 07:10 ;  1069.2;  1069.2;   10.90;
03.01.2003 07:15 ;  1069.2;  1069.2;   10.90;
03.01.2003 07:20 ;  1069.2;  1069.2;   10.90;
03.01.2003 07:25 ;  1069.2;  1069.2;   10.90;
03.01.2003 07:30 ;  1069.2;  1069.2;   10.90;
03.01.2003 07:35 ;  1069.2;  1069.2;   10.90;
03.01.2003 07:40 ;  1069.2;  1069.2;   10.90;
03.01.2003 07:45 ;  1069.2;  1069.2;   10.90;
03.01.2003 07:50 ;  1069.2;  1069.2;   10.90;
03.01.2003 07:55 ;  1069.2;  1069.2;   10.90;
03.01.2003 08:00 ;  1069.2;  1069.2;   10.90;
03.01.2003 08:05 ;  1069.2;  1069.2;   10.90;
03.01.2003 08:10 ;  1069.2;  1069.2;   10.90;
03.01.2003 08:15 ;  1069.2;  1069.2;   10.90;
03.01.2003 08:20 ;  1069.2;  1069.2;   10.90;
03.01.2003 08:25 ;  1069.2;  1069.2;   10.90;
03.01.2003 08:30 ;  1069.2;  1069.2;   10.90;
03.01.2003 08:35 ;  1069.2;  1069.2;   10.90;
03.01.2003 08:40 ;  1069.2;  1069.2;   10.90;
03.01.2003 08:45 ;  1069.2;  1069.2;   10.90;
03.01.2003 08:50 ;  1069.2;  1069.2;   10.90;
03.01.2003 08:55 ;  1069.2;  1069.2;   10.90;
03.01.2003 09:00 ;  1069.2;  1069.2;   10.90;
03.01.2003 09:05 ;  1069.2;  1069.2;   10.90;
03.01.2003 09:10 ;  1069.2;  1069.2;   10.90;
03.01.2003 09:15 ;  1069.2;  1069.2;   10.90;
03.01.2003 09:20 ;  1069.2;  1069.2;   10.90;
03.01.2003 09:25 ;  1069.2;  1069.2;   10.90;
03.01.2003 09:30 ;  1069.2;  1069.2;   10.90;
03.01.2003 09:35 ;  1069.2;  1069.2;   10.90;
03.01.2003 09:40 ;  1069.2;  1069.2;   10.90;
03.01.2003 09:45 ;  1069.2;  1069.2;   10.90;
03.01.2003 09:50 ;  1069.2;  1069.2;   10.90;
03.01.2003 09:55 ;  1069.2;  1069.2;   10.90;
03.01.2003 10:00 ;  1069.2;  1069.2;   10.90;
03.01.2003 10:05 ;  1069.2;  1069.2;   10.90;
03.01.2003 10:10 ;  1069.2;  1069.2;   10.90;
03.01.2003 10:15 ;  1069.2;  1069.2;   10.90;
03.01.2003 10:20 ;  1069.2;  1069.2;   10.90;
03.01.2003 10:25 ;  1069.2;  1069.2;   10.90;
03.01.2003 10:30 ;  1069.2;  1069.2;   10.90;
03.01.2003 10:35 ;  1069.2;  1069.2;   10.90;
03.01.2003 10:40 ;  1069.2;  1069.2;   10.90;
03.01.2003 10:45 ;  1069.2;  1069.2;   10.90;
03.01.2003 10:50 ;  1069.2;  1069.2;   10.90;
03.01.2003 10:55 ;  1069.2;  1069.2;   10.90;
03.01.2003 11:00 ;  1069.2;  1069.2;   10.90;
03.01.2003 11:05 ;  1069.2;  1069.2;   10.90;
03.01.2003 11:10 ;  1069.2;  1069.2;   10.90;
03.01.2003 11:15 ;  1069.2;  1069.2;   10.90;
03.01.2003 11:20 ;  1069.2;  1069.2;   10.90;
03.01.2003 11:25 ;  1069.2;  1069.2;   10.90;
03.01.2003 11:30 ;  1069.2;  1069.2;   10.90;
03.01.2003 11:35 ;  1069.2;  1069.2;   10.90;
03.01.2003 11:40 ;  1069.2;  1069.2;   10.90;
03.01.2003 11:45 ;  1069.2;  1069.2;   10.90;
03.01.2003 11:50 ;  1069.2;  1069.2;   10.90;
03.01.2003 11:55 ;  1069.2;  1069.2;   10.90;
03.01.2003 12:00 ;  1069.2;  1069.2;   10.90;
03.01.2003 12:05 ;  1069.2;  1069.2;   10.90;
03.01.2003 12:10 ;  1069.2;  1069.2;   10.90;
03.01.2003 12:15 ;  1069.2;  1069.2;   10.90;
03.01.2003 12:20 ;  1069.2;  1069.2;   10.90;
03.01.2003 12:25 ;  1069.2;  1069.2;   10.90;
03.01.2003 12:30 ;  1069.2;  1069.2;   10.90;
03.01.2003 12:35 ;  1069.2;  1069.2;   10.90;
03.01.2003 12:40 ;  1069.2;  1069.2;   10.90;
03.01.2003 12:45 ;  1069.2;  1069.2;   10.90;
03.01.2003 12:50 ;  1069.2;  1069.2;   10.90;
03.01.2003 12:55 ;  1069.2;  1069.2;   10.90;
03.01.2003 13:00 ;  1069.2;  1069.2;   10.90;
03.01.2003 13:05 ;  1069.2;  1069.2;   10.90;
03.01.2003 13:10 ;  1069.2;  1069.2;   10.90;
03.01.2003 13:15 ;  1069.2;  1069.2;   10.90;
03.01.2003 13:20 ;  1069.2;  1069.2;   10.90;
03.01.2003 13:25 ;  1069.2;  1069.2;   10.90;
03.01.2003 13:30 ;  1069.2;  1069.2;   10.90;
03.01.2003 13:35 ;  1069.2;  1069.2;   10.90;
03.01.2003 13:40 ;  1069.2;  1069.2;   10.90;
03.01.2003 13:45 ;  1069.2;  1069.2;   10.90;
03.01.2003 13:50 ;  1069.2;  1069.2;   10.90;
03.01.2003 13:55 ;  1069.2;  1069.2;   10.90;
03.01.2003 14:00 ;  1069.2;  1069.2;   10.90;
03.01.2003 14:05 ;  1069.2;  1069.2;   10.90;
03.01.2003 14:10 ;  1069.2;  1069.2;   10.90;
03.01.2003 14:15 ;  1069.2;  1069.2;   10.90;
03.01.2003 14:20 ;  1069.2;  1069.2;   10.90;
03.01.2003 14:25 ;  1069.2;  1069.2;   10.90;
03.01.2003 14:30 ;  1069.2;  1069.2;   10.90;
03.01.2003 14:35 ;  1069.2;  1069.2;   10.90;
03.01.2003 14:40 ;  1069.2;  1069.2;   10.90;
03.01.2003 14:45 ;  1069.2;  1069.2;   10.90;
03.01.2003 14:50 ;  1069.2;  1069.2;   10.90;
03.01.2003 14:55 ;  1069.2;  1069.2;   10.90;
03.01.2003 15:00 ;  1069.2;  1069.2;   10.90;
03.01.2003 15:05 ;  1069.2;  1069.2;   10.90;
03.01.2003 15:10 ;  1069.2;  1069.2;   10.90;
03.01.2003 15:15 ;  1069.2;  1069.2;   10.90;
03.01.2003 15:20 ;  1069.2;  1069.2;   10.90;
03.01.2003 15:25 ;  1069.2;  1069.2;   10.90;
03.01.2003 15:30 ;  1069.2;  1069.2;   10.90;
03.01.2003 15:35 ;  1069.2;  1069.2;   10.90;
03.01.2003 15:40 ;  1069.2;  1069.2;   10.90;
03.01.2003 15:45 ;  1069.2;  1069.2;   10.90;
03.01.2003 15:50 ;  1069.2;  1069.2;   10.90;
03.01.2003 15:55 ;  1069.2;  1069.2;   10.90;
03.01.2003 16:00 ;  1069.2;  1069.2;   10.90;
03.01.2003 16:05 ;  1069.2;  1069.2;   10.90;
03.01.2003 16:10 ;  1069.2;  1069.2;   10.90;
03.01.2003 16:15 ;  1069.2;  1069.2;   10.90;
03.01.2003 16:20 ;  1069.2;  1069.2;   10.90;
03.01.2003 16:25 ;  1069.2;  1069.2;   10.90;
03.01.2003 16:30 ;  1069.2;  1069.2;   10.90;
03.01.2003 16:35 ;  1069.2;  1069.2;   10.90;
03.01.2003 16:40 ;  1069.2;  1069.2;   10.90;
03.01.2003 16:45 ;  1069.2;  1069.2;   10.90;
03.01.2003 16:50 ;  1069.2;  1069.2;   10.90;
03.01.2003 16:55 ;  1069.2;  1069.2;   10.90;
03.01.2003 17:00 ;  1069.2;  1069.2;   10.90;
03.01.2003 17:05 ;  1069.2;  1069.2;   10.90;
03.01.2003 17:10 ;  1069.2;  1069.2;   10.90;
03.01.2003 17:15 ;  1069.2;  1069.2;   10.90;
03.01.2003 17:20 ;  1069.2;  1069.2;   10.90;
03.01.2003 17:25 ;  1069.2;  1069.2;   10.90;
03.01.2003 17:30 ;  1069.2;  1069.2;   10.90;
03.01.2003 17:35 ;  1069.2;  1069.2;   10.90;
03.01.2003 17:40 ;  1069.2;  1069.2;   10.90;
03.01.2003 17:45 ;  1069.2;  1069.2;   10.90;
03.01.2003 17:50 ;  1069.2;  1069.2;   10.90;
03.01.2003 17:55 ;  1069.2;  1069.2;   10.90;
03.01.2003 18:00 ;  1069.2;  1069.2;   10.90;
03.01.2003 18:05 ;  1069.2;  1069.2;   10.90;
03.01.2003 18:10 ;  1069.2;  1069.2;   10.90;
03.01.2003 18:15 ;  1069.2;  1069.2;   10.90;
03.01.2003 18:20 ;  1069.2;  1069.2;   10.90;
03.01.2003 18:25 ;  1069.2;  1069.2;   10.90;
03.01.2003 18:30 ;  1069.2;  1069.2;   10.90;
03.01.2003 18:35 ;  1069.2;  1069.2;   10.90;
03.01.2003 18:40 ;  1069.2;  1069.2;   10.90;
03.01.2003 18:45 ;  1069.2;  1069.2;   10.90;
03.01.2003 18:50 ;  1069.2;  1069.2;   10.90;
03.01.2003 18:55 ;  1069.2;  1069.2;   10.90;
03.01.2003 19:00 ;  1069.2;  1069.2;   10.90;
03.01.2003 19:05 ;  1069.2;  1069.2;   10.90;
03.01.2003 19:10 ;  1069.2;  1069.2;   10.90;
03.01.2003 19:15 ;  1069.2;  1069.2;   10.90;
03.01.2003 19:20 ;  1069.2;  1069.2;   10.90;
03.01.2003 19:25 ;  1069.2;  1069.2;   10.90;
03.01.2003 19:30 ;  1069.2;  1069.2;   10.90;
03.01.2003 19:35 ;  1069.2;  1069.2;   10.90;
03.01.2003 19:40 ;  1069.2;  1069.2;   10.90;
03.01.2003 19:45 ;  1069.2;  1069.2;   10.90;
03.01.2003 19:50 ;  1069.2;  1069.2;   10.90;
03.01.2003 19:55 ;  1069.2;  1069.2;   10.90;
03.01.2003 20:00 ;  1069.2;  1069.2;   10.90;
03.01.2003 20:05 ;  1069.2;  1069.2;   10.90;
03.01.2003 20:10 ;  1069.2;  1069.2;   10.90;
03.01.2003 20:15 ;  1069.2;  1069.2;   10.90;
03.01.2003 20:20 ;  1080.6;  1073.0;   10.88;
03.01.2003 20:25 ;  1070.0;  1072.7;   10.90;
03.01.2003 20:30 ;  1069.2;  1071.5;   10.90;
03.01.2003 20:35 ;  1069.2;  1070.5;   10.90;
03.01.2003 20:40 ;  1069.2;  1069.9;   10.90;
03.01.2003 20:45 ;  1069.2;  1069.5;   10.90;
03.01.2003 20:50 ;  1069.2;  1069.4;   10.90;
03.01.2003 20:55 ;  1069.2;  1069.3;   10.90;
03.01.2003 21:00 ;  1069.2;  1069.2;   10.90;
03.01.2003 21:05 ;  1069.2;  1069.2;   10.90;
03.01.2003 21:10 ;  1069.2;  1069.2;   10.90;
03.01.2003 21:15 ;  1069.2;  1069.2;   10.90;
03.01.2003 21:20 ;  1069.2;  1069.2;   10.90;
03.01.2003 21:25 ;  1069.2;  1069.2;   10.90;
03.01.2003 21:30 ;  1069.2;  1069.2;   10.90;
03.01.2003 21:35 ;  1069.2;  1069.2;   10.90;
03.01.2003 21:40 ;  1069.2;  1069.2;   10.90;
03.01.2003 21:45 ;  1069.2;  1069.2;   10.90;
03.01.2003 21:50 ;  1069.2;  1069.2;   10.90;
03.01.2003 21:55 ;  1069.2;  1069.2;   10.90;
03.01.2003 22:00 ;  1069.2;  1069.2;   10.90;
03.01.2003 22:05 ;  1069.2;  1069.2;   10.90;
03.01.2003 22:10 ;  1069.2;  1069.2;   10.90;
03.01.2003 22:15 ;  1069.2;  1069.2;   10.90;
03.01.2003 22:20 ;  1069.2;  1069.2;   10.90;
03.01.2003 22:25 ;  1069.2;  1069.2;   10.90;
03.01.2003 22:30 ;  1069.2;  1069.2;   10.90;
03.01.2003 22:35 ;  1069.2;  1069.2;   10.90;
03.01.2003 22:40 ;  1069.2;  1069.2;   10.90;
03.01.2003 22:45 ;  1069.2;  1069.2;   10.90;
03.01.2003 22:50 ;  1069.2;  1069.2;   10.90;
03.01.2003 22:55 ;  1069.2;  1069.2;   10.90;
03.01.2003 23:00 ;  1069.2;  1069.2;   10.90;
03.01.2003 23:05 ;  1069.2;  1069.2;   10.90;
03.01.2003 23:10 ;  1069.2;  1069.2;   10.90;
03.01.2003 23:15 ;  1069.2;  1069.2;   10.90;
03.01.2003 23:20 ;  1069.2;  1069.2;   10.90;
03.01.2003 23:25 ;  1069.2;  1069.2;   10.90;
03.01.2003 23:30 ;  1069.2;  1069.2;   10.90;
03.01.2003 23:35 ;  1069.2;  1069.2;   10.90;
03.01.2003 23:40 ;  1069.2;  1069.2;   10.90;
03.01.2003 23:45 ;  1069.2;  1069.2;   10.90;
03.01.2003 23:50 ;  1069.2;  1069.2;   10.90;
03.01.2003 23:55 ;  1069.2;  1069.2;   10.90;
04.01.2003 00:00 ;  1069.2;  1069.2;   10.90;
04.01.2003 00:05 ;  1069.2;  1069.2;   10.90;
04.01.2003 00:10 ;  1069.2;  1069.2;   10.90;
04.01.2003 00:15 ;  1069.2;  1069.2;   10.90;
04.01.2003 00:20 ;  1069.2;  1069.2;   10.90;
04.01.2003 00:25 ;  1069.2;  1069.2;   10.90;
04.01.2003 00:30 ;  1069.2;  1069.2;   10.90;
04.01.2003 00:35 ;  1069.2;  1069.2;   10.90;
04.01.2003 00:40 ;  1069.2;  1069.2;   10.90;
04.01.2003 00:45 ;  1069.2;  1069.2;   10.90;
04.01.2003 00:50 ;  1069.2;  1069.2;   10.90;
04.01.2003 00:55 ;  1069.2;  1069.2;   10.90;
04.01.2003 01:00 ;  1069.2;  1069.2;   10.90;
04.01.2003 01:05 ;  1069.2;  1069.2;   10.90;
04.01.2003 01:10 ;  1069.2;  1069.2;   10.90;
04.01.2003 01:15 ;  1069.2;  1069.2;   10.90;
04.01.2003 01:20 ;  1069.2;  1069.2;   10.90;
04.01.2003 01:25 ;  1069.2;  1069.2;   10.90;
04.01.2003 01:30 ;  1069.2;  1069.2;   10.90;
04.01.2003 01:35 ;  1069.2;  1069.2;   10.90;
04.01.2003 01:40 ;  1069.2;  1069.2;   10.90;
04.01.2003 01:45 ;  1069.2;  1069.2;   10.90;
04.01.2003 01:50 ;  1069.2;  1069.2;   10.90;
04.01.2003 01:55 ;  1069.2;  1069.2;   10.90;
04.01.2003 02:00 ;  1069.2;  1069.2;   10.90;
04.01.2003 02:05 ;  1069.2;  1069.2;   10.90;
04.01.2003 02:10 ;  1069.2;  1069.2;   10.90;
04.01.2003 02:15 ;  1069.2;  1069.2;   10.90;
04.01.2003 02:20 ;  1069.2;  1069.2;   10.90;
04.01.2003 02:25 ;  1069.2;  1069.2;   10.90;
04.01.2003 02:30 ;  1069.2;  1069.2;   10.90;
04.01.2003 02:35 ;  1069.2;  1069.2;   10.90;
04.01.2003 02:40 ;  1069.2;  1069.2;   10.90;
04.01.2003 02:45 ;  1069.2;  1069.2;   10.90;
04.01.2003 02:50 ;  1069.2;  1069.2;   10.90;
04.01.2003 02:55 ;  1069.2;  1069.2;   10.90;
04.01.2003 03:00 ;  1069.2;  1069.2;   10.90;
04.01.2003 03:05 ;  1069.2;  1069.2;   10.90;
04.01.2003 03:10 ;  1069.2;  1069.2;   10.90;
04.01.2003 03:15 ;  1069.2;  1069.2;   10.90;
04.01.2003 03:20 ;  1069.2;  1069.2;   10.90;
04.01.2003 03:25 ;  1069.2;  1069.2;   10.90;
04.01.2003 03:30 ;  1069.2;  1069.2;   10.90;
04.01.2003 03:35 ;  1069.2;  1069.2;   10.90;
04.01.2003 03:40 ;  1069.2;  1069.2;   10.90;
04.01.2003 03:45 ;  1069.2;  1069.2;   10.90;
04.01.2003 03:50 ;  1069.2;  1069.2;   10.90;
04.01.2003 03:55 ;  1069.2;  1069.2;   10.90;
04.01.2003 04:00 ;  1069.2;  1069.2;   10.90;
04.01.2003 04:05 ;  1069.2;  1069.2;   10.90;
04.01.2003 04:10 ;  1069.2;  1069.2;   10.90;
04.01.2003 04:15 ;  1069.2;  1069.2;   10.90;
04.01.2003 04:20 ;  1069.2;  1069.2;   10.90;
04.01.2003 04:25 ;  1069.2;  1069.2;   10.90;
04.01.2003 04:30 ;  1069.2;  1069.2;   10.90;
04.01.2003 04:35 ;  1069.2;  1069.2;   10.90;
04.01.2003 04:40 ;  1069.2;  1069.2;   10.90;
04.01.2003 04:45 ;  1069.2;  1069.2;   10.90;
04.01.2003 04:50 ;  1069.2;  1069.2;   10.90;
04.01.2003 04:55 ;  1069.2;  1069.2;   10.90;
04.01.2003 05:00 ;  1069.2;  1069.2;   10.90;
04.01.2003 05:05 ;  1069.2;  1069.2;   10.90;
04.01.2003 05:10 ;  1069.2;  1069.2;   10.90;
04.01.2003 05:15 ;  1069.2;  1069.2;   10.90;
04.01.2003 05:20 ;  1069.2;  1069.2;   10.90;
04.01.2003 05:25 ;  1069.2;  1069.2;   10.90;
04.01.2003 05:30 ;  1069.2;  1069.2;   10.90;
04.01.2003 05:35 ;  1069.2;  1069.2;   10.90;
04.01.2003 05:40 ;  1069.2;  1069.2;   10.90;
04.01.2003 05:45 ;  1069.2;  1069.2;   10.90;
04.01.2003 05:50 ;  1069.2;  1069.2;   10.90;
04.01.2003 05:55 ;  1069.2;  1069.2;   10.90;
04.01.2003 06:00 ;  1069.2;  1069.2;   10.90;
04.01.2003 06:05 ;  1069.2;  1069.2;   10.90;
04.01.2003 06:10 ;  1069.2;  1069.2;   10.90;
04.01.2003 06:15 ;  1069.2;  1069.2;   10.90;
04.01.2003 06:20 ;  1069.2;  1069.2;   10.90;
04.01.2003 06:25 ;  1069.2;  1069.2;   10.90;
04.01.2003 06:30 ;  1069.2;  1069.2;   10.90;
04.01.2003 06:35 ;  1069.2;  1069.2;   10.90;
04.01.2003 06:40 ;  1069.2;  1069.2;   10.90;
04.01.2003 06:45 ;  1069.2;  1069.2;   10.90;
04.01.2003 06:50 ;  1069.2;  1069.2;   10.90;
04.01.2003 06:55 ;  1069.2;  1069.2;   10.90;
04.01.2003 07:00 ;  1069.2;  1069.2;   10.90;
04.01.2003 07:05 ;  1069.2;  1069.2;   10.90;
04.01.2003 07:10 ;  1069.2;  1069.2;   10.90;
04.01.2003 07:15 ;  1069.2;  1069.2;   10.90;
04.01.2003 07:20 ;  1069.2;  1069.2;   10.90;
04.01.2003 07:25 ;  1069.2;  1069.2;   10.90;
04.01.2003 07:30 ;  1069.2;  1069.2;   10.90;
04.01.2003 07:35 ;  1069.2;  1069.2;   10.90;
04.01.2003 07:40 ;  1069.2;  1069.2;   10.90;
04.01.2003 07:45 ;  1069.2;  1069.2;   10.90;
04.01.2003 07:50 ;  1069.2;  1069.2;   10.90;
04.01.2003 07:55 ;  1069.2;  1069.2;   10.90;
04.01.2003 08:00 ;  1069.2;  1069.2;   10.90;
04.01.2003 08:05 ;  1069.2;  1069.2;   10.90;
04.01.2003 08:10 ;  1069.2;  1069.2;   10.90;
04.01.2003 08:15 ;  1069.2;  1069.2;   10.90;
04.01.2003 08:20 ;  1069.2;  1069.2;   10.90;
04.01.2003 08:25 ;  1069.2;  1069.2;   10.90;
04.01.2003 08:30 ;  1069.2;  1069.2;   10.90;
04.01.2003 08:35 ;  1069.2;  1069.2;   10.90;
04.01.2003 08:40 ;  1069.2;  1069.2;   10.90;
04.01.2003 08:45 ;  1069.2;  1069.2;   10.90;
04.01.2003 08:50 ;  1069.2;  1069.2;   10.90;
04.01.2003 08:55 ;  1069.2;  1069.2;   10.90;
04.01.2003 09:00 ;  1069.2;  1069.2;   10.90;
04.01.2003 09:05 ;  1069.2;  1069.2;   10.90;
04.01.2003 09:10 ;  1069.2;  1069.2;   10.90;
04.01.2003 09:15 ;  1069.2;  1069.2;   10.90;
04.01.2003 09:20 ;  1069.2;  1069.2;   10.90;
04.01.2003 09:25 ;  1069.2;  1069.2;   10.90;
04.01.2003 09:30 ;  1069.2;  1069.2;   10.90;
04.01.2003 09:35 ;  1069.2;  1069.2;   10.90;
04.01.2003 09:40 ;  1069.2;  1069.2;   10.90;
04.01.2003 09:45 ;  1069.2;  1069.2;   10.90;
04.01.2003 09:50 ;  1069.2;  1069.2;   10.90;
04.01.2003 09:55 ;  1069.2;  1069.2;   10.90;
04.01.2003 10:00 ;  1069.2;  1069.2;   10.90;
04.01.2003 10:05 ;  1069.2;  1069.2;   10.90;
04.01.2003 10:10 ;  1069.2;  1069.2;   10.90;
04.01.2003 10:15 ;  1069.2;  1069.2;   10.90;
04.01.2003 10:20 ;  1069.2;  1069.2;   10.90;
04.01.2003 10:25 ;  1069.2;  1069.2;   10.90;
04.01.2003 10:30 ;  1069.2;  1069.2;   10.90;
04.01.2003 10:35 ;  1069.2;  1069.2;   10.90;
04.01.2003 10:40 ;  1069.2;  1069.2;   10.90;
04.01.2003 10:45 ;  1069.2;  1069.2;   10.90;
04.01.2003 10:50 ;  1069.2;  1069.2;   10.90;
04.01.2003 10:55 ;  1069.2;  1069.2;   10.90;
04.01.2003 11:00 ;  1069.2;  1069.2;   10.90;
04.01.2003 11:05 ;  1069.2;  1069.2;   10.90;
04.01.2003 11:10 ;  1069.2;  1069.2;   10.90;
04.01.2003 11:15 ;  1069.2;  1069.2;   10.90;
04.01.2003 11:20 ;  1069.2;  1069.2;   10.90;
04.01.2003 11:25 ;  1069.2;  1069.2;   10.90;
04.01.2003 11:30 ;  1069.2;  1069.2;   10.90;
04.01.2003 11:35 ;  1069.2;  1069.2;   10.90;
04.01.2003 11:40 ;  1069.2;  1069.2;   10.90;
04.01.2003 11:45 ;  1069.2;  1069.2;   10.90;
04.01.2003 11:50 ;  1069.2;  1069.2;   10.90;
04.01.2003 11:55 ;  1069.2;  1069.2;   10.90;
04.01.2003 12:00 ;  1069.2;  1069.2;   10.90;
04.01.2003 12:05 ;  1069.2;  1069.2;   10.90;
04.01.2003 12:10 ;  1069.2;  1069.2;   10.90;
04.01.2003 12:15 ;  1069.2;  1069.2;   10.90;
04.01.2003 12:20 ;  1069.2;  1069.2;   10.90;
04.01.2003 12:25 ;  1069.2;  1069.2;   10.90;
04.01.2003 12:30 ;  1069.2;  1069.2;   10.90;
04.01.2003 12:35 ;  1069.2;  1069.2;   10.90;
04.01.2003 12:40 ;  1069.2;  1069.2;   10.90;
04.01.2003 12:45 ;  1069.2;  1069.2;   10.90;
04.01.2003 12:50 ;  1069.2;  1069.2;   10.90;
04.01.2003 12:55 ;  1069.2;  1069.2;   10.90;
04.01.2003 13:00 ;  1069.2;  1069.2;   10.90;
04.01.2003 13:05 ;  1069.2;  1069.2;   10.90;
04.01.2003 13:10 ;  1069.2;  1069.2;   10.90;
04.01.2003 13:15 ;  1069.2;  1069.2;   10.90;
04.01.2003 13:20 ;  1069.2;  1069.2;   10.90;
04.01.2003 13:25 ;  1069.2;  1069.2;   10.90;
04.01.2003 13:30 ;  1069.2;  1069.2;   10.90;
04.01.2003 13:35 ;  1069.2;  1069.2;   10.90;
04.01.2003 13:40 ;  1069.2;  1069.2;   10.90;
04.01.2003 13:45 ;  1069.2;  1069.2;   10.90;
04.01.2003 13:50 ;  1069.2;  1069.2;   10.90;
04.01.2003 13:55 ;  1069.2;  1069.2;   10.90;
04.01.2003 14:00 ;  1069.2;  1069.2;   10.90;
04.01.2003 14:05 ;  1069.2;  1069.2;   10.90;
04.01.2003 14:10 ;  1069.2;  1069.2;   10.90;
04.01.2003 14:15 ;  1069.2;  1069.2;   10.90;
04.01.2003 14:20 ;  1069.2;  1069.2;   10.90;
04.01.2003 14:25 ;  1069.2;  1069.2;   10.90;
04.01.2003 14:30 ;  1069.2;  1069.2;   10.90;
04.01.2003 14:35 ;  1069.2;  1069.2;   10.90;
04.01.2003 14:40 ;  1069.2;  1069.2;   10.90;
04.01.2003 14:45 ;  1069.2;  1069.2;   10.90;
04.01.2003 14:50 ;  1069.2;  1069.2;   10.90;
04.01.2003 14:55 ;  1069.2;  1069.2;   10.90;
04.01.2003 15:00 ;  1069.2;  1069.2;   10.90;
04.01.2003 15:05 ;  1069.2;  1069.2;   10.90;
04.01.2003 15:10 ;  1069.2;  1069.2;   10.90;
04.01.2003 15:15 ;  1069.2;  1069.2;   10.90;
04.01.2003 15:20 ;  1069.2;  1069.2;   10.90;
04.01.2003 15:25 ;  1069.2;  1069.2;   10.90;
04.01.2003 15:30 ;  1069.2;  1069.2;   10.90;
04.01.2003 15:35 ;  1069.2;  1069.2;   10.90;
04.01.2003 15:40 ;  1069.2;  1069.2;   10.90;
04.01.2003 15:45 ;  1069.2;  1069.2;   10.90;
04.01.2003 15:50 ;  1069.2;  1069.2;   10.90;
04.01.2003 15:55 ;  1069.2;  1069.2;   10.90;
04.01.2003 16:00 ;  1069.2;  1069.2;   10.90;
04.01.2003 16:05 ;  1069.2;  1069.2;   10.90;
04.01.2003 16:10 ;  1069.2;  1069.2;   10.90;
04.01.2003 16:15 ;  1069.2;  1069.2;   10.90;
04.01.2003 16:20 ;  1069.2;  1069.2;   10.90;
04.01.2003 16:25 ;  1069.2;  1069.2;   10.90;
04.01.2003 16:30 ;  1069.2;  1069.2;   10.90;
04.01.2003 16:35 ;  1069.2;  1069.2;   10.90;
04.01.2003 16:40 ;  1069.2;  1069.2;   10.90;
04.01.2003 16:45 ;  1069.2;  1069.2;   10.90;
04.01.2003 16:50 ;  1069.2;  1069.2;   10.90;
04.01.2003 16:55 ;  1069.2;  1069.2;   10.90;
04.01.2003 17:00 ;  1069.2;  1069.2;   10.90;
04.01.2003 17:05 ;  1069.2;  1069.2;   10.90;
04.01.2003 17:10 ;  1069.2;  1069.2;   10.90;
04.01.2003 17:15 ;  1069.2;  1069.2;   10.90;
04.01.2003 17:20 ;  1069.2;  1069.2;   10.90;
04.01.2003 17:25 ;  1069.2;  1069.2;   10.90;
04.01.2003 17:30 ;  1069.2;  1069.2;   10.90;
04.01.2003 17:35 ;  1069.2;  1069.2;   10.90;
04.01.2003 17:40 ;  1069.2;  1069.2;   10.90;
04.01.2003 17:45 ;  1069.2;  1069.2;   10.90;
04.01.2003 17:50 ;  1069.2;  1069.2;   10.90;
04.01.2003 17:55 ;  1069.2;  1069.2;   10.90;
04.01.2003 18:00 ;  1069.2;  1069.2;   10.90;
04.01.2003 18:05 ;  1069.2;  1069.2;   10.90;
04.01.2003 18:10 ;  1069.2;  1069.2;   10.90;
04.01.2003 18:15 ;  1069.2;  1069.2;   10.90;
04.01.2003 18:20 ;  1069.2;  1069.2;   10.90;
04.01.2003 18:25 ;  1069.2;  1069.2;   10.90;
04.01.2003 18:30 ;  1069.2;  1069.2;   10.90;
04.01.2003 18:35 ;  1069.2;  1069.2;   10.90;
04.01.2003 18:40 ;  1069.2;  1069.2;   10.90;
04.01.2003 18:45 ;  1069.2;  1069.2;   10.90;
04.01.2003 18:50 ;  1069.2;  1069.2;   10.90;
04.01.2003 18:55 ;  1069.2;  1069.2;   10.90;
04.01.2003 19:00 ;  1069.2;  1069.2;   10.90;
04.01.2003 19:05 ;  1069.2;  1069.2;   10.90;
04.01.2003 19:10 ;  1069.2;  1069.2;   10.90;
04.01.2003 19:15 ;  1069.2;  1069.2;   10.90;
04.01.2003 19:20 ;  1069.2;  1069.2;   10.90;
04.01.2003 19:25 ;  1069.2;  1069.2;   10.90;
04.01.2003 19:30 ;  1069.2;  1069.2;   10.90;
04.01.2003 19:35 ;  1069.2;  1069.2;   10.90;
04.01.2003 19:40 ;  1069.2;  1069.2;   10.90;
04.01.2003 19:45 ;  1069.2;  1069.2;   10.90;
04.01.2003 19:50 ;  1069.2;  1069.2;   10.90;
04.01.2003 19:55 ;  1069.2;  1069.2;   10.90;
04.01.2003 20:00 ;  1069.2;  1069.2;   10.90;
04.01.2003 20:05 ;  1069.2;  1069.2;   10.90;
04.01.2003 20:10 ;  1069.2;  1069.2;   10.90;
04.01.2003 20:15 ;  1069.2;  1069.2;   10.90;
04.01.2003 20:20 ;  1069.2;  1069.2;   10.90;
04.01.2003 20:25 ;  1069.2;  1069.2;   10.90;
04.01.2003 20:30 ;  1069.2;  1069.2;   10.90;
04.01.2003 20:35 ;  1069.2;  1069.2;   10.90;
04.01.2003 20:40 ;  1069.2;  1069.2;   10.90;
04.01.2003 20:45 ;  1069.2;  1069.2;   10.90;
04.01.2003 20:50 ;  1069.2;  1069.2;   10.90;
04.01.2003 20:55 ;  1069.2;  1069.2;   10.90;
04.01.2003 21:00 ;  1069.2;  1069.2;   10.90;
04.01.2003 21:05 ;  1069.2;  1069.2;   10.90;
04.01.2003 21:10 ;  1069.2;  1069.2;   10.90;
04.01.2003 21:15 ;  1069.2;  1069.2;   10.90;
04.01.2003 21:20 ;  1069.2;  1069.2;   10.90;
04.01.2003 21:25 ;  1069.2;  1069.2;   10.90;
04.01.2003 21:30 ;  1069.2;  1069.2;   10.90;
04.01.2003 21:35 ;  1069.2;  1069.2;   10.90;
04.01.2003 21:40 ;  1069.2;  1069.2;   10.90;
04.01.2003 21:45 ;  1069.2;  1069.2;   10.90;
04.01.2003 21:50 ;  1069.2;  1069.2;   10.90;
04.01.2003 21:55 ;  1069.2;  1069.2;   10.90;
04.01.2003 22:00 ;  1069.2;  1069.2;   10.90;
04.01.2003 22:05 ;  1069.2;  1069.2;   10.90;
04.01.2003 22:10 ;  1069.2;  1069.2;   10.90;
04.01.2003 22:15 ;  1069.2;  1069.2;   10.90;
04.01.2003 22:20 ;  1069.2;  1069.2;   10.90;
04.01.2003 22:25 ;  1069.2;  1069.2;   10.90;
04.01.2003 22:30 ;  1069.2;  1069.2;   10.90;
04.01.2003 22:35 ;  1069.2;  1069.2;   10.90;
04.01.2003 22:40 ;  1069.2;  1069.2;   10.90;
04.01.2003 22:45 ;  1069.2;  1069.2;   10.90;
04.01.2003 22:50 ;  1069.2;  1069.2;   10.90;
04.01.2003 22:55 ;  1069.2;  1069.2;   10.90;
04.01.2003 23:00 ;  1069.2;  1069.2;   10.90;
04.01.2003 23:05 ;  1069.2;  1069.2;   10.90;
04.01.2003 23:10 ;  1069.2;  1069.2;   10.90;
04.01.2003 23:15 ;  1069.2;  1069.2;   10.90;
04.01.2003 23:20 ;  1069.2;  1069.2;   10.90;
04.01.2003 23:25 ;  1069.2;  1069.2;   10.90;
04.01.2003 23:30 ;  1069.2;  1069.2;   10.90;
04.01.2003 23:35 ;  1069.2;  1069.2;   10.90;
04.01.2003 23:40 ;  1069.2;  1069.2;   10.90;
04.01.2003 23:45 ;  1069.2;  1069.2;   10.90;
04.01.2003 23:50 ;  1069.2;  1069.2;   10.90;
04.01.2003 23:55 ;  1069.2;  1069.2;   10.90;
05.01.2003 00:00 ;  1069.2;  1069.2;   10.90;
05.01.2003 00:05 ;  1069.2;  1069.2;   10.90;
05.01.2003 00:10 ;  1069.2;  1069.2;   10.90;
05.01.2003 00:15 ;  1069.2;  1069.2;   10.90;
05.01.2003 00:20 ;  1069.2;  1069.2;   10.90;
05.01.2003 00:25 ;  1069.2;  1069.2;   10.90;
05.01.2003 00:30 ;  1069.2;  1069.2;   10.90;
05.01.2003 00:35 ;  1069.2;  1069.2;   10.90;
05.01.2003 00:40 ;  1069.2;  1069.2;   10.90;
05.01.2003 00:45 ;  1069.2;  1069.2;   10.90;
05.01.2003 00:50 ;  1069.2;  1069.2;   10.90;
05.01.2003 00:55 ;  1069.2;  1069.2;   10.90;
05.01.2003 01:00 ;  1069.2;  1069.2;   10.90;
05.01.2003 01:05 ;  1069.2;  1069.2;   10.90;
05.01.2003 01:10 ;  1069.2;  1069.2;   10.90;
05.01.2003 01:15 ;  1069.2;  1069.2;   10.90;
05.01.2003 01:20 ;  1069.2;  1069.2;   10.90;
05.01.2003 01:25 ;  1069.2;  1069.2;   10.90;
05.01.2003 01:30 ;  1069.2;  1069.2;   10.90;
05.01.2003 01:35 ;  1069.2;  1069.2;   10.90;
05.01.2003 01:40 ;  1069.2;  1069.2;   10.90;
05.01.2003 01:45 ;  1069.2;  1069.2;   10.90;
05.01.2003 01:50 ;  1069.2;  1069.2;   10.90;
05.01.2003 01:55 ;  1069.2;  1069.2;   10.90;
05.01.2003 02:00 ;  1069.2;  1069.2;   10.90;
05.01.2003 02:05 ;  1069.2;  1069.2;   10.90;
05.01.2003 02:10 ;  1069.2;  1069.2;   10.90;
05.01.2003 02:15 ;  1069.2;  1069.2;   10.90;
05.01.2003 02:20 ;  1069.2;  1069.2;   10.90;
05.01.2003 02:25 ;  1069.2;  1069.2;   10.90;
05.01.2003 02:30 ;  1069.2;  1069.2;   10.90;
05.01.2003 02:35 ;  1069.2;  1069.2;   10.90;
05.01.2003 02:40 ;  1069.2;  1069.2;   10.90;
05.01.2003 02:45 ;  1069.2;  1069.2;   10.90;
05.01.2003 02:50 ;  1069.2;  1069.2;   10.90;
05.01.2003 02:55 ;  1069.2;  1069.2;   10.90;
05.01.2003 03:00 ;  1069.2;  1069.2;   10.90;
05.01.2003 03:05 ;  1069.2;  1069.2;   10.90;
05.01.2003 03:10 ;  1069.2;  1069.2;   10.90;
05.01.2003 03:15 ;  1069.2;  1069.2;   10.90;
05.01.2003 03:20 ;  1069.2;  1069.2;   10.90;
05.01.2003 03:25 ;  1069.2;  1069.2;   10.90;
05.01.2003 03:30 ;  1069.2;  1069.2;   10.90;
05.01.2003 03:35 ;  1069.2;  1069.2;   10.90;
05.01.2003 03:40 ;  1069.2;  1069.2;   10.90;
05.01.2003 03:45 ;  1069.2;  1069.2;   10.90;
05.01.2003 03:50 ;  1069.2;  1069.2;   10.90;
05.01.2003 03:55 ;  1069.2;  1069.2;   10.90;
05.01.2003 04:00 ;  1069.2;  1069.2;   10.90;
05.01.2003 04:05 ;  1069.2;  1069.2;   10.90;
05.01.2003 04:10 ;  1069.2;  1069.2;   10.90;
05.01.2003 04:15 ;  1069.2;  1069.2;   10.90;
05.01.2003 04:20 ;  1069.2;  1069.2;   10.90;
05.01.2003 04:25 ;  1069.2;  1069.2;   10.90;
05.01.2003 04:30 ;  1069.2;  1069.2;   10.90;
05.01.2003 04:35 ;  1069.2;  1069.2;   10.90;
05.01.2003 04:40 ;  1069.2;  1069.2;   10.90;
05.01.2003 04:45 ;  1069.2;  1069.2;   10.90;
05.01.2003 04:50 ;  1069.2;  1069.2;   10.90;
05.01.2003 04:55 ;  1069.2;  1069.2;   10.90;
05.01.2003 05:00 ;  1069.2;  1069.2;   10.90;
05.01.2003 05:05 ;  1069.2;  1069.2;   10.90;
05.01.2003 05:10 ;  1069.2;  1069.2;   10.90;
05.01.2003 05:15 ;  1069.2;  1069.2;   10.90;
05.01.2003 05:20 ;  1069.2;  1069.2;   10.90;
05.01.2003 05:25 ;  1069.2;  1069.2;   10.90;
05.01.2003 05:30 ;  1069.2;  1069.2;   10.90;
05.01.2003 05:35 ;  1069.2;  1069.2;   10.90;
05.01.2003 05:40 ;  1069.2;  1069.2;   10.90;
05.01.2003 05:45 ;  1069.2;  1069.2;   10.90;
05.01.2003 05:50 ;  1069.2;  1069.2;   10.90;
05.01.2003 05:55 ;  1069.2;  1069.2;   10.90;
05.01.2003 06:00 ;  1069.2;  1069.2;   10.90;
05.01.2003 06:05 ;  1069.2;  1069.2;   10.90;
05.01.2003 06:10 ;  1069.2;  1069.2;   10.90;
05.01.2003 06:15 ;  1069.2;  1069.2;   10.90;
05.01.2003 06:20 ;  1069.2;  1069.2;   10.90;
05.01.2003 06:25 ;  1069.2;  1069.2;   10.90;
05.01.2003 06:30 ;  1069.2;  1069.2;   10.90;
05.01.2003 06:35 ;  1069.2;  1069.2;   10.90;
05.01.2003 06:40 ;  1069.2;  1069.2;   10.90;
05.01.2003 06:45 ;  1069.2;  1069.2;   10.90;
05.01.2003 06:50 ;  1069.2;  1069.2;   10.90;
05.01.2003 06:55 ;  1069.2;  1069.2;   10.90;
05.01.2003 07:00 ;  1069.2;  1069.2;   10.90;
05.01.2003 07:05 ;  1069.2;  1069.2;   10.90;
05.01.2003 07:10 ;  1069.2;  1069.2;   10.90;
05.01.2003 07:15 ;  1069.2;  1069.2;   10.90;
05.01.2003 07:20 ;  1069.2;  1069.2;   10.90;
05.01.2003 07:25 ;  1069.2;  1069.2;   10.90;
05.01.2003 07:30 ;  1069.2;  1069.2;   10.90;
05.01.2003 07:35 ;  1069.2;  1069.2;   10.90;
05.01.2003 07:40 ;  1069.2;  1069.2;   10.90;
05.01.2003 07:45 ;  1069.2;  1069.2;   10.90;
05.01.2003 07:50 ;  1069.2;  1069.2;   10.90;
05.01.2003 07:55 ;  1069.2;  1069.2;   10.90;
05.01.2003 08:00 ;  1069.2;  1069.2;   10.90;
05.01.2003 08:05 ;  1069.2;  1069.2;   10.90;
05.01.2003 08:10 ;  1069.2;  1069.2;   10.90;
05.01.2003 08:15 ;  1069.2;  1069.2;   10.90;
05.01.2003 08:20 ;  1069.2;  1069.2;   10.90;
05.01.2003 08:25 ;  1069.2;  1069.2;   10.90;
05.01.2003 08:30 ;  1069.2;  1069.2;   10.90;
05.01.2003 08:35 ;  1069.2;  1069.2;   10.90;
05.01.2003 08:40 ;  1069.2;  1069.2;   10.90;
05.01.2003 08:45 ;  1069.2;  1069.2;   10.90;
05.01.2003 08:50 ;  1069.2;  1069.2;   10.90;
05.01.2003 08:55 ;  1069.2;  1069.2;   10.90;
05.01.2003 09:00 ;  1069.2;  1069.2;   10.90;
05.01.2003 09:05 ;  1069.2;  1069.2;   10.90;
05.01.2003 09:10 ;  1069.2;  1069.2;   10.90;
05.01.2003 09:15 ;  1069.2;  1069.2;   10.90;
05.01.2003 09:20 ;  1069.2;  1069.2;   10.90;
05.01.2003 09:25 ;  1069.2;  1069.2;   10.90;
05.01.2003 09:30 ;  1069.2;  1069.2;   10.90;
05.01.2003 09:35 ;  1069.2;  1069.2;   10.90;
05.01.2003 09:40 ;  1069.2;  1069.2;   10.90;
05.01.2003 09:45 ;  1069.2;  1069.2;   10.90;
05.01.2003 09:50 ;  1069.2;  1069.2;   10.90;
05.01.2003 09:55 ;  1069.2;  1069.2;   10.90;
05.01.2003 10:00 ;  1069.2;  1069.2;   10.90;
05.01.2003 10:05 ;  1069.2;  1069.2;   10.90;
05.01.2003 10:10 ;  1069.2;  1069.2;   10.90;
05.01.2003 10:15 ;  1069.2;  1069.2;   10.90;
05.01.2003 10:20 ;  1069.2;  1069.2;   10.90;
05.01.2003 10:25 ;  1069.2;  1069.2;   10.90;
05.01.2003 10:30 ;  1069.2;  1069.2;   10.90;
05.01.2003 10:35 ;  1069.2;  1069.2;   10.90;
05.01.2003 10:40 ;  1069.2;  1069.2;   10.90;
05.01.2003 10:45 ;  1069.2;  1069.2;   10.90;
05.01.2003 10:50 ;  1069.2;  1069.2;   10.90;
05.01.2003 10:55 ;  1069.2;  1069.2;   10.90;
05.01.2003 11:00 ;  1069.2;  1069.2;   10.90;
05.01.2003 11:05 ;  1069.2;  1069.2;   10.90;
05.01.2003 11:10 ;  1069.2;  1069.2;   10.90;
05.01.2003 11:15 ;  1069.2;  1069.2;   10.90;
05.01.2003 11:20 ;  1069.2;  1069.2;   10.90;
05.01.2003 11:25 ;  1069.2;  1069.2;   10.90;
05.01.2003 11:30 ;  1069.2;  1069.2;   10.90;
05.01.2003 11:35 ;  1069.2;  1069.2;   10.90;
05.01.2003 11:40 ;  1069.2;  1069.2;   10.90;
05.01.2003 11:45 ;  1069.2;  1069.2;   10.90;
05.01.2003 11:50 ;  1069.2;  1069.2;   10.90;
05.01.2003 11:55 ;  1069.2;  1069.2;   10.90;
05.01.2003 12:00 ;  1069.2;  1069.2;   10.90;
05.01.2003 12:05 ;  1069.2;  1069.2;   10.90;
05.01.2003 12:10 ;  1069.2;  1069.2;   10.90;
05.01.2003 12:15 ;  1069.2;  1069.2;   10.90;
05.01.2003 12:20 ;  1069.2;  1069.2;   10.90;
05.01.2003 12:25 ;  1069.2;  1069.2;   10.90;
05.01.2003 12:30 ;  1069.2;  1069.2;   10.90;
05.01.2003 12:35 ;  1069.2;  1069.2;   10.90;
05.01.2003 12:40 ;  1069.2;  1069.2;   10.90;
05.01.2003 12:45 ;  1069.2;  1069.2;   10.90;
05.01.2003 12:50 ;  1069.2;  1069.2;   10.90;
05.01.2003 12:55 ;  1069.2;  1069.2;   10.90;
05.01.2003 13:00 ;  1069.2;  1069.2;   10.90;
05.01.2003 13:05 ;  1069.2;  1069.2;   10.90;
05.01.2003 13:10 ;  1069.2;  1069.2;   10.90;
05.01.2003 13:15 ;  1069.2;  1069.2;   10.90;
05.01.2003 13:20 ;  1069.2;  1069.2;   10.90;
05.01.2003 13:25 ;  1069.2;  1069.2;   10.90;
05.01.2003 13:30 ;  1069.2;  1069.2;   10.90;
05.01.2003 13:35 ;  1069.2;  1069.2;   10.90;
05.01.2003 13:40 ;  1069.2;  1069.2;   10.90;
05.01.2003 13:45 ;  1069.2;  1069.2;   10.90;
05.01.2003 13:50 ;  1069.2;  1069.2;   10.90;
05.01.2003 13:55 ;  1069.2;  1069.2;   10.90;
05.01.2003 14:00 ;  1069.2;  1069.2;   10.90;
05.01.2003 14:05 ;  1069.2;  1069.2;   10.90;
05.01.2003 14:10 ;  1069.2;  1069.2;   10.90;
05.01.2003 14:15 ;  1069.2;  1069.2;   10.90;
05.01.2003 14:20 ;  1069.2;  1069.2;   10.90;
05.01.2003 14:25 ;  1069.2;  1069.2;   10.90;
05.01.2003 14:30 ;  1069.2;  1069.2;   10.90;
05.01.2003 14:35 ;  1069.2;  1069.2;   10.90;
05.01.2003 14:40 ;  1069.2;  1069.2;   10.90;
05.01.2003 14:45 ;  1069.2;  1069.2;   10.90;
05.01.2003 14:50 ;  1069.2;  1069.2;   10.90;
05.01.2003 14:55 ;  1069.2;  1069.2;   10.90;
05.01.2003 15:00 ;  1069.2;  1069.2;   10.90;
05.01.2003 15:05 ;  1069.2;  1069.2;   10.90;
05.01.2003 15:10 ;  1069.2;  1069.2;   10.90;
05.01.2003 15:15 ;  1069.2;  1069.2;   10.90;
05.01.2003 15:20 ;  1069.2;  1069.2;   10.90;
05.01.2003 15:25 ;  1069.2;  1069.2;   10.90;
05.01.2003 15:30 ;  1069.2;  1069.2;   10.90;
05.01.2003 15:35 ;  1069.2;  1069.2;   10.90;
05.01.2003 15:40 ;  1069.2;  1069.2;   10.90;
05.01.2003 15:45 ;  1069.2;  1069.2;   10.90;
05.01.2003 15:50 ;  1069.2;  1069.2;   10.90;
05.01.2003 15:55 ;  1069.2;  1069.2;   10.90;
05.01.2003 16:00 ;  1069.2;  1069.2;   10.90;
05.01.2003 16:05 ;  1069.2;  1069.2;   10.90;
05.01.2003 16:10 ;  1069.2;  1069.2;   10.90;
05.01.2003 16:15 ;  1069.2;  1069.2;   10.90;
05.01.2003 16:20 ;  1069.2;  1069.2;   10.90;
05.01.2003 16:25 ;  1069.2;  1069.2;   10.90;
05.01.2003 16:30 ;  1069.2;  1069.2;   10.90;
05.01.2003 16:35 ;  1069.2;  1069.2;   10.90;
05.01.2003 16:40 ;  1069.2;  1069.2;   10.90;
05.01.2003 16:45 ;  1069.2;  1069.2;   10.90;
05.01.2003 16:50 ;  1069.2;  1069.2;   10.90;
05.01.2003 16:55 ;  1069.2;  1069.2;   10.90;
05.01.2003 17:00 ;  1069.2;  1069.2;   10.90;
05.01.2003 17:05 ;  1069.2;  1069.2;   10.90;
05.01.2003 17:10 ;  1069.2;  1069.2;   10.90;
05.01.2003 17:15 ;  1069.2;  1069.2;   10.90;
05.01.2003 17:20 ;  1069.2;  1069.2;   10.90;
05.01.2003 17:25 ;  1069.2;  1069.2;   10.90;
05.01.2003 17:30 ;  1069.2;  1069.2;   10.90;
05.01.2003 17:35 ;  1069.2;  1069.2;   10.90;
05.01.2003 17:40 ;  1069.2;  1069.2;   10.90;
05.01.2003 17:45 ;  1069.2;  1069.2;   10.90;
05.01.2003 17:50 ;  1069.2;  1069.2;   10.90;
05.01.2003 17:55 ;  1069.2;  1069.2;   10.90;
05.01.2003 18:00 ;  1069.2;  1069.2;   10.90;
05.01.2003 18:05 ;  1069.2;  1069.2;   10.90;
05.01.2003 18:10 ;  1069.2;  1069.2;   10.90;
05.01.2003 18:15 ;  1069.2;  1069.2;   10.90;
05.01.2003 18:20 ;  1069.2;  1069.2;   10.90;
05.01.2003 18:25 ;  1069.2;  1069.2;   10.90;
05.01.2003 18:30 ;  1069.2;  1069.2;   10.90;
05.01.2003 18:35 ;  1069.2;  1069.2;   10.90;
05.01.2003 18:40 ;  1069.2;  1069.2;   10.90;
05.01.2003 18:45 ;  1069.2;  1069.2;   10.90;
05.01.2003 18:50 ;  1069.2;  1069.2;   10.90;
05.01.2003 18:55 ;  1069.2;  1069.2;   10.90;
05.01.2003 19:00 ;  1069.2;  1069.2;   10.90;
05.01.2003 19:05 ;  1069.2;  1069.2;   10.90;
05.01.2003 19:10 ;  1069.2;  1069.2;   10.90;
05.01.2003 19:15 ;  1069.2;  1069.2;   10.90;
05.01.2003 19:20 ;  1069.2;  1069.2;   10.90;
05.01.2003 19:25 ;  1069.2;  1069.2;   10.90;
05.01.2003 19:30 ;  1069.2;  1069.2;   10.90;
05.01.2003 19:35 ;  1069.2;  1069.2;   10.90;
05.01.2003 19:40 ;  1069.2;  1069.2;   10.90;
05.01.2003 19:45 ;  1069.2;  1069.2;   10.90;
05.01.2003 19:50 ;  1069.2;  1069.2;   10.90;
05.01.2003 19:55 ;  1069.2;  1069.2;   10.90;
05.01.2003 20:00 ;  1069.2;  1069.2;   10.90;
05.01.2003 20:05 ;  1069.2;  1069.2;   10.90;
05.01.2003 20:10 ;  1069.2;  1069.2;   10.90;
05.01.2003 20:15 ;  1069.2;  1069.2;   10.90;
05.01.2003 20:20 ;  1069.2;  1069.2;   10.90;
05.01.2003 20:25 ;  1069.2;  1069.2;   10.90;
05.01.2003 20:30 ;  1069.2;  1069.2;   10.90;
05.01.2003 20:35 ;  1069.2;  1069.2;   10.90;
05.01.2003 20:40 ;  1069.2;  1069.2;   10.90;
05.01.2003 20:45 ;  1069.2;  1069.2;   10.90;
05.01.2003 20:50 ;  1069.2;  1069.2;   10.90;
05.01.2003 20:55 ;  1069.2;  1069.2;   10.90;
05.01.2003 21:00 ;  1069.2;  1069.2;   10.90;
05.01.2003 21:05 ;  1069.2;  1069.2;   10.90;
05.01.2003 21:10 ;  1069.2;  1069.2;   10.90;
05.01.2003 21:15 ;  1069.2;  1069.2;   10.90;
05.01.2003 21:20 ;  1069.2;  1069.2;   10.90;
05.01.2003 21:25 ;  1069.2;  1069.2;   10.90;
05.01.2003 21:30 ;  1069.2;  1069.2;   10.90;
05.01.2003 21:35 ;  1069.2;  1069.2;   10.90;
05.01.2003 21:40 ;  1069.2;  1069.2;   10.90;
05.01.2003 21:45 ;  1069.2;  1069.2;   10.90;
05.01.2003 21:50 ;  1069.2;  1069.2;   10.90;
05.01.2003 21:55 ;  1069.2;  1069.2;   10.90;
05.01.2003 22:00 ;  1069.2;  1069.2;   10.90;
05.01.2003 22:05 ;  1069.2;  1069.2;   10.90;
05.01.2003 22:10 ;  1069.2;  1069.2;   10.90;
05.01.2003 22:15 ;  1069.2;  1069.2;   10.90;
05.01.2003 22:20 ;  1069.2;  1069.2;   10.90;
05.01.2003 22:25 ;  1069.2;  1069.2;   10.90;
05.01.2003 22:30 ;  1069.2;  1069.2;   10.90;
05.01.2003 22:35 ;  1069.2;  1069.2;   10.90;
05.01.2003 22:40 ;  1069.2;  1069.2;   10.90;
05.01.2003 22:45 ;  1069.2;  1069.2;   10.90;
05.01.2003 22:50 ;  1069.2;  1069.2;   10.90;
05.01.2003 22:55 ;  1069.2;  1069.2;   10.90;
05.01.2003 23:00 ;  1069.2;  1069.2;   10.90;
05.01.2003 23:05 ;  1069.2;  1069.2;   10.90;
05.01.2003 23:10 ;  1069.2;  1069.2;   10.90;
05.01.2003 23:15 ;  1069.2;  1069.2;   10.90;
05.01.2003 23:20 ;  1069.2;  1069.2;   10.90;
05.01.2003 23:25 ;  1069.2;  1069.2;   10.90;
05.01.2003 23:30 ;  1069.2;  1069.2;   10.90;
05.01.2003 23:35 ;  1069.2;  1069.2;   10.90;
05.01.2003 23:40 ;  1069.2;  1069.2;   10.90;
05.01.2003 23:45 ;  1069.2;  1069.2;   10.90;
05.01.2003 23:50 ;  1069.2;  1069.2;   10.90;
05.01.2003 23:55 ;  1069.2;  1069.2;   10.90;
06.01.2003 00:00 ;  1069.2;  1069.2;   10.90;
06.01.2003 00:05 ;  1069.2;  1069.2;   10.90;
06.01.2003 00:10 ;  1069.2;  1069.2;   10.90;
06.01.2003 00:15 ;  1069.2;  1069.2;   10.90;
06.01.2003 00:20 ;  1069.2;  1069.2;   10.90;
06.01.2003 00:25 ;  1069.2;  1069.2;   10.90;
06.01.2003 00:30 ;  1069.2;  1069.2;   10.90;
06.01.2003 00:35 ;  1069.2;  1069.2;   10.90;
06.01.2003 00:40 ;  1069.2;  1069.2;   10.90;
06.01.2003 00:45 ;  1069.2;  1069.2;   10.90;
06.01.2003 00:50 ;  1069.2;  1069.2;   10.90;
06.01.2003 00:55 ;  1069.2;  1069.2;   10.90;
06.01.2003 01:00 ;  1069.2;  1069.2;   10.90;
06.01.2003 01:05 ;  1069.2;  1069.2;   10.90;
06.01.2003 01:10 ;  1069.2;  1069.2;   10.90;
06.01.2003 01:15 ;  1069.2;  1069.2;   10.90;
06.01.2003 01:20 ;  1069.2;  1069.2;   10.90;
06.01.2003 01:25 ;  1069.2;  1069.2;   10.90;
06.01.2003 01:30 ;  1069.2;  1069.2;   10.90;
06.01.2003 01:35 ;  1069.2;  1069.2;   10.90;
06.01.2003 01:40 ;  1069.2;  1069.2;   10.90;
06.01.2003 01:45 ;  1069.2;  1069.2;   10.90;
06.01.2003 01:50 ;  1069.2;  1069.2;   10.90;
06.01.2003 01:55 ;  1069.2;  1069.2;   10.90;
06.01.2003 02:00 ;  1069.2;  1069.2;   10.90;
06.01.2003 02:05 ;  1069.2;  1069.2;   10.90;
06.01.2003 02:10 ;  1069.2;  1069.2;   10.90;
06.01.2003 02:15 ;  1069.2;  1069.2;   10.90;
06.01.2003 02:20 ;  1069.2;  1069.2;   10.90;
06.01.2003 02:25 ;  1069.2;  1069.2;   10.90;
06.01.2003 02:30 ;  1069.2;  1069.2;   10.90;
06.01.2003 02:35 ;  1069.2;  1069.2;   10.90;
06.01.2003 02:40 ;  1069.2;  1069.2;   10.90;
06.01.2003 02:45 ;  1069.2;  1069.2;   10.90;
06.01.2003 02:50 ;  1069.2;  1069.2;   10.90;
06.01.2003 02:55 ;  1069.2;  1069.2;   10.90;
06.01.2003 03:00 ;  1069.2;  1069.2;   10.90;
06.01.2003 03:05 ;  1069.2;  1069.2;   10.90;
06.01.2003 03:10 ;  1069.2;  1069.2;   10.90;
06.01.2003 03:15 ;  1069.2;  1069.2;   10.90;
06.01.2003 03:20 ;  1069.2;  1069.2;   10.90;
06.01.2003 03:25 ;  1069.2;  1069.2;   10.90;
06.01.2003 03:30 ;  1069.2;  1069.2;   10.90;
06.01.2003 03:35 ;  1069.2;  1069.2;   10.90;
06.01.2003 03:40 ;  1069.2;  1069.2;   10.90;
06.01.2003 03:45 ;  1069.2;  1069.2;   10.90;
06.01.2003 03:50 ;  1069.2;  1069.2;   10.90;
06.01.2003 03:55 ;  1069.2;  1069.2;   10.90;
06.01.2003 04:00 ;  1069.2;  1069.2;   10.90;
06.01.2003 04:05 ;  1069.2;  1069.2;   10.90;
06.01.2003 04:10 ;  1069.2;  1069.2;   10.90;
06.01.2003 04:15 ;  1069.2;  1069.2;   10.90;
06.01.2003 04:20 ;  1069.2;  1069.2;   10.90;
06.01.2003 04:25 ;  1069.2;  1069.2;   10.90;
06.01.2003 04:30 ;  1069.2;  1069.2;   10.90;
06.01.2003 04:35 ;  1069.2;  1069.2;   10.90;
06.01.2003 04:40 ;  1069.2;  1069.2;   10.90;
06.01.2003 04:45 ;  1069.2;  1069.2;   10.90;
06.01.2003 04:50 ;  1069.2;  1069.2;   10.90;
06.01.2003 04:55 ;  1069.2;  1069.2;   10.90;
06.01.2003 05:00 ;  1069.2;  1069.2;   10.90;
06.01.2003 05:05 ;  1069.2;  1069.2;   10.90;
06.01.2003 05:10 ;  1069.2;  1069.2;   10.90;
06.01.2003 05:15 ;  1069.2;  1069.2;   10.90;
06.01.2003 05:20 ;  1069.2;  1069.2;   10.90;
06.01.2003 05:25 ;  1069.2;  1069.2;   10.90;
06.01.2003 05:30 ;  1069.2;  1069.2;   10.90;
06.01.2003 05:35 ;  1069.2;  1069.2;   10.90;
06.01.2003 05:40 ;  1069.2;  1069.2;   10.90;
06.01.2003 05:45 ;  1069.2;  1069.2;   10.90;
06.01.2003 05:50 ;  1069.2;  1069.2;   10.90;
06.01.2003 05:55 ;  1069.2;  1069.2;   10.90;
06.01.2003 06:00 ;  1069.2;  1069.2;   10.90;
06.01.2003 06:05 ;  1069.2;  1069.2;   10.90;
06.01.2003 06:10 ;  1069.2;  1069.2;   10.90;
06.01.2003 06:15 ;  1069.2;  1069.2;   10.90;
06.01.2003 06:20 ;  1069.2;  1069.2;   10.90;
06.01.2003 06:25 ;  1069.2;  1069.2;   10.90;
06.01.2003 06:30 ;  1069.2;  1069.2;   10.90;
06.01.2003 06:35 ;  1069.2;  1069.2;   10.90;
06.01.2003 06:40 ;  1069.2;  1069.2;   10.90;
06.01.2003 06:45 ;  1069.2;  1069.2;   10.90;
06.01.2003 06:50 ;  1069.2;  1069.2;   10.90;
06.01.2003 06:55 ;  1069.2;  1069.2;   10.90;
06.01.2003 07:00 ;  1069.2;  1069.2;   10.90;
06.01.2003 07:05 ;  1069.2;  1069.2;   10.90;
06.01.2003 07:10 ;  1069.2;  1069.2;   10.90;
06.01.2003 07:15 ;  1069.2;  1069.2;   10.90;
06.01.2003 07:20 ;  1069.2;  1069.2;   10.90;
06.01.2003 07:25 ;  1069.2;  1069.2;   10.90;
06.01.2003 07:30 ;  1069.2;  1069.2;   10.90;
06.01.2003 07:35 ;  1069.2;  1069.2;   10.90;
06.01.2003 07:40 ;  1069.2;  1069.2;   10.90;
06.01.2003 07:45 ;  1069.2;  1069.2;   10.90;
06.01.2003 07:50 ;  1069.2;  1069.2;   10.90;
06.01.2003 07:55 ;  1069.2;  1069.2;   10.90;
06.01.2003 08:00 ;  1069.2;  1069.2;   10.90;
06.01.2003 08:05 ;  1069.2;  1069.2;   10.90;
06.01.2003 08:10 ;  1069.2;  1069.2;   10.90;
06.01.2003 08:15 ;  1069.2;  1069.2;   10.90;
06.01.2003 08:20 ;  1069.2;  1069.2;   10.90;
06.01.2003 08:25 ;  1069.2;  1069.2;   10.90;
06.01.2003 08:30 ;  1069.2;  1069.2;   10.90;
06.01.2003 08:35 ;  1069.2;  1069.2;   10.90;
06.01.2003 08:40 ;  1069.2;  1069.2;   10.90;
06.01.2003 08:45 ;  1069.2;  1069.2;   10.90;
06.01.2003 08:50 ;  1069.2;  1069.2;   10.90;
06.01.2003 08:55 ;  1069.2;  1069.2;   10.90;
06.01.2003 09:00 ;  1069.2;  1069.2;   10.90;
06.01.2003 09:05 ;  1069.2;  1069.2;   10.90;
06.01.2003 09:10 ;  1069.2;  1069.2;   10.90;
06.01.2003 09:15 ;  1069.2;  1069.2;   10.90;
06.01.2003 09:20 ;  1069.2;  1069.2;   10.90;
06.01.2003 09:25 ;  1069.2;  1069.2;   10.90;
06.01.2003 09:30 ;  1069.2;  1069.2;   10.90;
06.01.2003 09:35 ;  1069.2;  1069.2;   10.90;
06.01.2003 09:40 ;  1069.2;  1069.2;   10.90;
06.01.2003 09:45 ;  1069.2;  1069.2;   10.90;
06.01.2003 09:50 ;  1069.2;  1069.2;   10.90;
06.01.2003 09:55 ;  1069.2;  1069.2;   10.90;
06.01.2003 10:00 ;  1069.2;  1069.2;   10.90;
06.01.2003 10:05 ;  1069.2;  1069.2;   10.90;
06.01.2003 10:10 ;  1069.2;  1069.2;   10.90;
06.01.2003 10:15 ;  1069.2;  1069.2;   10.90;
06.01.2003 10:20 ;  1069.2;  1069.2;   10.90;
06.01.2003 10:25 ;  1069.2;  1069.2;   10.90;
06.01.2003 10:30 ;  1069.2;  1069.2;   10.90;
06.01.2003 10:35 ;  1069.2;  1069.2;   10.90;
06.01.2003 10:40 ;  1069.2;  1069.2;   10.90;
06.01.2003 10:45 ;  1069.2;  1069.2;   10.90;
06.01.2003 10:50 ;  1069.2;  1069.2;   10.90;
06.01.2003 10:55 ;  1069.2;  1069.2;   10.90;
06.01.2003 11:00 ;  1069.2;  1069.2;   10.90;
06.01.2003 11:05 ;  1069.2;  1069.2;   10.90;
06.01.2003 11:10 ;  1069.2;  1069.2;   10.90;
06.01.2003 11:15 ;  1069.2;  1069.2;   10.90;
06.01.2003 11:20 ;  1069.2;  1069.2;   10.90;
06.01.2003 11:25 ;  1069.2;  1069.2;   10.90;
06.01.2003 11:30 ;  1069.2;  1069.2;   10.90;
06.01.2003 11:35 ;  1069.2;  1069.2;   10.90;
06.01.2003 11:40 ;  1069.2;  1069.2;   10.90;
06.01.2003 11:45 ;  1069.2;  1069.2;   10.90;
06.01.2003 11:50 ;  1069.2;  1069.2;   10.90;
06.01.2003 11:55 ;  1069.2;  1069.2;   10.90;
06.01.2003 12:00 ;  1069.2;  1069.2;   10.90;
06.01.2003 12:05 ;  1069.2;  1069.2;   10.90;
06.01.2003 12:10 ;  1069.2;  1069.2;   10.90;
06.01.2003 12:15 ;  1069.2;  1069.2;   10.90;
06.01.2003 12:20 ;  1069.2;  1069.2;   10.90;
06.01.2003 12:25 ;  1069.2;  1069.2;   10.90;
06.01.2003 12:30 ;  1069.2;  1069.2;   10.90;
06.01.2003 12:35 ;  1069.2;  1069.2;   10.90;
06.01.2003 12:40 ;  1069.2;  1069.2;   10.90;
06.01.2003 12:45 ;  1069.2;  1069.2;   10.90;
06.01.2003 12:50 ;  1069.2;  1069.2;   10.90;
06.01.2003 12:55 ;  1069.2;  1069.2;   10.90;
06.01.2003 13:00 ;  1069.2;  1069.2;   10.90;
06.01.2003 13:05 ;  1069.2;  1069.2;   10.90;
06.01.2003 13:10 ;  1069.2;  1069.2;   10.90;
06.01.2003 13:15 ;  1069.2;  1069.2;   10.90;
06.01.2003 13:20 ;  1069.2;  1069.2;   10.90;
06.01.2003 13:25 ;  1069.2;  1069.2;   10.90;
06.01.2003 13:30 ;  1069.2;  1069.2;   10.90;
06.01.2003 13:35 ;  1069.2;  1069.2;   10.90;
06.01.2003 13:40 ;  1069.2;  1069.2;   10.90;
06.01.2003 13:45 ;  1069.2;  1069.2;   10.90;
06.01.2003 13:50 ;  1069.2;  1069.2;   10.90;
06.01.2003 13:55 ;  1069.2;  1069.2;   10.90;
06.01.2003 14:00 ;  1069.2;  1069.2;   10.90;
06.01.2003 14:05 ;  1069.2;  1069.2;   10.90;
06.01.2003 14:10 ;  1069.2;  1069.2;   10.90;
06.01.2003 14:15 ;  1069.2;  1069.2;   10.90;
06.01.2003 14:20 ;  1069.2;  1069.2;   10.90;
06.01.2003 14:25 ;  1069.2;  1069.2;   10.90;
06.01.2003 14:30 ;  1069.2;  1069.2;   10.90;
06.01.2003 14:35 ;  1069.2;  1069.2;   10.90;
06.01.2003 14:40 ;  1069.2;  1069.2;   10.90;
06.01.2003 14:45 ;  1069.2;  1069.2;   10.90;
06.01.2003 14:50 ;  1069.2;  1069.2;   10.90;
06.01.2003 14:55 ;  1069.2;  1069.2;   10.90;
06.01.2003 15:00 ;  1069.2;  1069.2;   10.90;
06.01.2003 15:05 ;  1069.2;  1069.2;   10.90;
06.01.2003 15:10 ;  1069.2;  1069.2;   10.90;
06.01.2003 15:15 ;  1069.2;  1069.2;   10.90;
06.01.2003 15:20 ;  1069.2;  1069.2;   10.90;
06.01.2003 15:25 ;  1069.2;  1069.2;   10.90;
06.01.2003 15:30 ;  1069.2;  1069.2;   10.90;
06.01.2003 15:35 ;  1069.2;  1069.2;   10.90;
06.01.2003 15:40 ;  1069.2;  1069.2;   10.90;
06.01.2003 15:45 ;  1069.2;  1069.2;   10.90;
06.01.2003 15:50 ;  1069.2;  1069.2;   10.90;
06.01.2003 15:55 ;  1069.2;  1069.2;   10.90;
06.01.2003 16:00 ;  1069.2;  1069.2;   10.90;
06.01.2003 16:05 ;  1069.2;  1069.2;   10.90;
06.01.2003 16:10 ;  1069.2;  1069.2;   10.90;
06.01.2003 16:15 ;  1069.2;  1069.2;   10.90;
06.01.2003 16:20 ;  1069.2;  1069.2;   10.90;
06.01.2003 16:25 ;  1069.2;  1069.2;   10.90;
06.01.2003 16:30 ;  1069.2;  1069.2;   10.90;
06.01.2003 16:35 ;  1069.2;  1069.2;   10.90;
06.01.2003 16:40 ;  1069.2;  1069.2;   10.90;
06.01.2003 16:45 ;  1069.2;  1069.2;   10.90;
06.01.2003 16:50 ;  1069.2;  1069.2;   10.90;
06.01.2003 16:55 ;  1069.2;  1069.2;   10.90;
06.01.2003 17:00 ;  1069.2;  1069.2;   10.90;
06.01.2003 17:05 ;  1069.2;  1069.2;   10.90;
06.01.2003 17:10 ;  1069.2;  1069.2;   10.90;
06.01.2003 17:15 ;  1069.2;  1069.2;   10.90;
06.01.2003 17:20 ;  1069.2;  1069.2;   10.90;
06.01.2003 17:25 ;  1069.2;  1069.2;   10.90;
06.01.2003 17:30 ;  1069.2;  1069.2;   10.90;
06.01.2003 17:35 ;  1069.2;  1069.2;   10.90;
06.01.2003 17:40 ;  1069.2;  1069.2;   10.90;
06.01.2003 17:45 ;  1069.2;  1069.2;   10.90;
06.01.2003 17:50 ;  1069.2;  1069.2;   10.90;
06.01.2003 17:55 ;  1069.2;  1069.2;   10.90;
06.01.2003 18:00 ;  1069.2;  1069.2;   10.90;
06.01.2003 18:05 ;  1069.2;  1069.2;   10.90;
06.01.2003 18:10 ;  1069.2;  1069.2;   10.90;
06.01.2003 18:15 ;  1069.2;  1069.2;   10.90;
06.01.2003 18:20 ;  1069.2;  1069.2;   10.90;
06.01.2003 18:25 ;  1069.2;  1069.2;   10.90;
06.01.2003 18:30 ;  1069.2;  1069.2;   10.90;
06.01.2003 18:35 ;  1069.2;  1069.2;   10.90;
06.01.2003 18:40 ;  1069.2;  1069.2;   10.90;
06.01.2003 18:45 ;  1069.2;  1069.2;   10.90;
06.01.2003 18:50 ;  1069.2;  1069.2;   10.90;
06.01.2003 18:55 ;  1069.2;  1069.2;   10.90;
06.01.2003 19:00 ;  1069.2;  1069.2;   10.90;
06.01.2003 19:05 ;  1069.2;  1069.2;   10.90;
06.01.2003 19:10 ;  1069.2;  1069.2;   10.90;
06.01.2003 19:15 ;  1069.2;  1069.2;   10.90;
06.01.2003 19:20 ;  1069.2;  1069.2;   10.90;
06.01.2003 19:25 ;  1069.2;  1069.2;   10.90;
06.01.2003 19:30 ;  1069.2;  1069.2;   10.90;
06.01.2003 19:35 ;  1069.2;  1069.2;   10.90;
06.01.2003 19:40 ;  1069.2;  1069.2;   10.90;
06.01.2003 19:45 ;  1069.2;  1069.2;   10.90;
06.01.2003 19:50 ;  1069.2;  1069.2;   10.90;
06.01.2003 19:55 ;  1069.2;  1069.2;   10.90;
06.01.2003 20:00 ;  1069.2;  1069.2;   10.90;
06.01.2003 20:05 ;  1069.2;  1069.2;   10.90;
06.01.2003 20:10 ;  1069.2;  1069.2;   10.90;
06.01.2003 20:15 ;  1069.2;  1069.2;   10.90;
06.01.2003 20:20 ;  1069.2;  1069.2;   10.90;
06.01.2003 20:25 ;  1069.2;  1069.2;   10.90;
06.01.2003 20:30 ;  1069.2;  1069.2;   10.90;
06.01.2003 20:35 ;  1069.2;  1069.2;   10.90;
06.01.2003 20:40 ;  1069.2;  1069.2;   10.90;
06.01.2003 20:45 ;  1069.2;  1069.2;   10.90;
06.01.2003 20:50 ;  1069.2;  1069.2;   10.90;
06.01.2003 20:55 ;  1069.2;  1069.2;   10.90;
06.01.2003 21:00 ;  1069.2;  1069.2;   10.90;
06.01.2003 21:05 ;  1069.2;  1069.2;   10.90;
06.01.2003 21:10 ;  1069.2;  1069.2;   10.90;
06.01.2003 21:15 ;  1069.2;  1069.2;   10.90;
06.01.2003 21:20 ;  1069.2;  1069.2;   10.90;
06.01.2003 21:25 ;  1069.2;  1069.2;   10.90;
06.01.2003 21:30 ;  1069.2;  1069.2;   10.90;
06.01.2003 21:35 ;  1069.2;  1069.2;   10.90;
06.01.2003 21:40 ;  1069.2;  1069.2;   10.90;
06.01.2003 21:45 ;  1069.2;  1069.2;   10.90;
06.01.2003 21:50 ;  1069.2;  1069.2;   10.90;
06.01.2003 21:55 ;  1069.2;  1069.2;   10.90;
06.01.2003 22:00 ;  1069.2;  1069.2;   10.90;
06.01.2003 22:05 ;  1069.2;  1069.2;   10.90;
06.01.2003 22:10 ;  1069.2;  1069.2;   10.90;
06.01.2003 22:15 ;  1069.2;  1069.2;   10.90;
06.01.2003 22:20 ;  1069.2;  1069.2;   10.90;
06.01.2003 22:25 ;  1069.2;  1069.2;   10.90;
06.01.2003 22:30 ;  1069.2;  1069.2;   10.90;
06.01.2003 22:35 ;  1069.2;  1069.2;   10.90;
06.01.2003 22:40 ;  1069.2;  1069.2;   10.90;
06.01.2003 22:45 ;  1069.2;  1069.2;   10.90;
06.01.2003 22:50 ;  1069.2;  1069.2;   10.90;
06.01.2003 22:55 ;  1069.2;  1069.2;   10.90;
06.01.2003 23:00 ;  1069.2;  1069.2;   10.90;
06.01.2003 23:05 ;  1069.2;  1069.2;   10.90;
06.01.2003 23:10 ;  1069.2;  1069.2;   10.90;
06.01.2003 23:15 ;  1069.2;  1069.2;   10.90;
06.01.2003 23:20 ;  1069.2;  1069.2;   10.90;
06.01.2003 23:25 ;  1069.2;  1069.2;   10.90;
06.01.2003 23:30 ;  1069.2;  1069.2;   10.90;
06.01.2003 23:35 ;  1069.2;  1069.2;   10.90;
06.01.2003 23:40 ;  1069.2;  1069.2;   10.90;
06.01.2003 23:45 ;  1069.2;  1069.2;   10.90;
06.01.2003 23:50 ;  1069.2;  1069.2;   10.90;
06.01.2003 23:55 ;  1069.2;  1069.2;   10.90;
07.01.2003 00:00 ;  1069.2;  1069.2;   10.90;
07.01.2003 00:05 ;  1069.2;  1069.2;   10.90;
07.01.2003 00:10 ;  1069.2;  1069.2;   10.90;
07.01.2003 00:15 ;  1069.2;  1069.2;   10.90;
07.01.2003 00:20 ;  1069.2;  1069.2;   10.90;
07.01.2003 00:25 ;  1069.2;  1069.2;   10.90;
07.01.2003 00:30 ;  1069.2;  1069.2;   10.90;
07.01.2003 00:35 ;  1069.2;  1069.2;   10.90;
07.01.2003 00:40 ;  1069.2;  1069.2;   10.90;
07.01.2003 00:45 ;  1069.2;  1069.2;   10.90;
07.01.2003 00:50 ;  1069.2;  1069.2;   10.90;
07.01.2003 00:55 ;  1069.2;  1069.2;   10.90;
07.01.2003 01:00 ;  1069.2;  1069.2;   10.90;
07.01.2003 01:05 ;  1069.2;  1069.2;   10.90;
07.01.2003 01:10 ;  1069.2;  1069.2;   10.90;
07.01.2003 01:15 ;  1069.2;  1069.2;   10.90;
07.01.2003 01:20 ;  1069.2;  1069.2;   10.90;
07.01.2003 01:25 ;  1069.2;  1069.2;   10.90;
07.01.2003 01:30 ;  1069.2;  1069.2;   10.90;
07.01.2003 01:35 ;  1069.2;  1069.2;   10.90;
07.01.2003 01:40 ;  1069.2;  1069.2;   10.90;
07.01.2003 01:45 ;  1069.2;  1069.2;   10.90;
07.01.2003 01:50 ;  1069.2;  1069.2;   10.90;
07.01.2003 01:55 ;  1069.2;  1069.2;   10.90;
07.01.2003 02:00 ;  1069.2;  1069.2;   10.90;
07.01.2003 02:05 ;  1069.2;  1069.2;   10.90;
07.01.2003 02:10 ;  1069.2;  1069.2;   10.90;
07.01.2003 02:15 ;  1069.2;  1069.2;   10.90;
07.01.2003 02:20 ;  1069.2;  1069.2;   10.90;
07.01.2003 02:25 ;  1069.2;  1069.2;   10.90;
07.01.2003 02:30 ;  1069.2;  1069.2;   10.90;
07.01.2003 02:35 ;  1069.2;  1069.2;   10.90;
07.01.2003 02:40 ;  1069.2;  1069.2;   10.90;
07.01.2003 02:45 ;  1069.2;  1069.2;   10.90;
07.01.2003 02:50 ;  1069.2;  1069.2;   10.90;
07.01.2003 02:55 ;  1069.2;  1069.2;   10.90;
07.01.2003 03:00 ;  1069.2;  1069.2;   10.90;
07.01.2003 03:05 ;  1069.2;  1069.2;   10.90;
07.01.2003 03:10 ;  1069.2;  1069.2;   10.90;
07.01.2003 03:15 ;  1069.2;  1069.2;   10.90;
07.01.2003 03:20 ;  1069.2;  1069.2;   10.90;
07.01.2003 03:25 ;  1069.2;  1069.2;   10.90;
07.01.2003 03:30 ;  1069.2;  1069.2;   10.90;
07.01.2003 03:35 ;  1069.2;  1069.2;   10.90;
07.01.2003 03:40 ;  1069.2;  1069.2;   10.90;
07.01.2003 03:45 ;  1069.2;  1069.2;   10.90;
07.01.2003 03:50 ;  1069.2;  1069.2;   10.90;
07.01.2003 03:55 ;  1069.2;  1069.2;   10.90;
07.01.2003 04:00 ;  1069.2;  1069.2;   10.90;
07.01.2003 04:05 ;  1069.2;  1069.2;   10.90;
07.01.2003 04:10 ;  1069.2;  1069.2;   10.90;
07.01.2003 04:15 ;  1069.2;  1069.2;   10.90;
07.01.2003 04:20 ;  1069.2;  1069.2;   10.90;
07.01.2003 04:25 ;  1069.2;  1069.2;   10.90;
07.01.2003 04:30 ;  1069.2;  1069.2;   10.90;
07.01.2003 04:35 ;  1069.2;  1069.2;   10.90;
07.01.2003 04:40 ;  1069.2;  1069.2;   10.90;
07.01.2003 04:45 ;  1069.2;  1069.2;   10.90;
07.01.2003 04:50 ;  1069.2;  1069.2;   10.90;
07.01.2003 04:55 ;  1069.2;  1069.2;   10.90;
07.01.2003 05:00 ;  1069.2;  1069.2;   10.90;
07.01.2003 05:05 ;  1069.2;  1069.2;   10.90;
07.01.2003 05:10 ;  1069.2;  1069.2;   10.90;
07.01.2003 05:15 ;  1069.2;  1069.2;   10.90;
07.01.2003 05:20 ;  1069.2;  1069.2;   10.90;
07.01.2003 05:25 ;  1069.2;  1069.2;   10.90;
07.01.2003 05:30 ;  1069.2;  1069.2;   10.90;
07.01.2003 05:35 ;  1069.2;  1069.2;   10.90;
07.01.2003 05:40 ;  1069.2;  1069.2;   10.90;
07.01.2003 05:45 ;  1069.2;  1069.2;   10.90;
07.01.2003 05:50 ;  1069.2;  1069.2;   10.90;
07.01.2003 05:55 ;  1069.2;  1069.2;   10.90;
07.01.2003 06:00 ;  1069.2;  1069.2;   10.90;
07.01.2003 06:05 ;  1069.2;  1069.2;   10.90;
07.01.2003 06:10 ;  1069.2;  1069.2;   10.90;
07.01.2003 06:15 ;  1069.2;  1069.2;   10.90;
07.01.2003 06:20 ;  1069.2;  1069.2;   10.90;
07.01.2003 06:25 ;  1069.2;  1069.2;   10.90;
07.01.2003 06:30 ;  1069.2;  1069.2;   10.90;
07.01.2003 06:35 ;  1069.2;  1069.2;   10.90;
07.01.2003 06:40 ;  1069.2;  1069.2;   10.90;
07.01.2003 06:45 ;  1069.2;  1069.2;   10.90;
07.01.2003 06:50 ;  1069.2;  1069.2;   10.90;
07.01.2003 06:55 ;  1069.2;  1069.2;   10.90;
07.01.2003 07:00 ;  1069.2;  1069.2;   10.90;
07.01.2003 07:05 ;  1069.2;  1069.2;   10.90;
07.01.2003 07:10 ;  1069.2;  1069.2;   10.90;
07.01.2003 07:15 ;  1069.2;  1069.2;   10.90;
07.01.2003 07:20 ;  1069.2;  1069.2;   10.90;
07.01.2003 07:25 ;  1069.2;  1069.2;   10.90;
07.01.2003 07:30 ;  1069.2;  1069.2;   10.90;
07.01.2003 07:35 ;  1069.2;  1069.2;   10.90;
07.01.2003 07:40 ;  1069.2;  1069.2;   10.90;
07.01.2003 07:45 ;  1069.2;  1069.2;   10.90;
07.01.2003 07:50 ;  1069.2;  1069.2;   10.90;
07.01.2003 07:55 ;  1069.2;  1069.2;   10.90;
07.01.2003 08:00 ;  1069.2;  1069.2;   10.90;
07.01.2003 08:05 ;  1069.2;  1069.2;   10.90;
07.01.2003 08:10 ;  1069.2;  1069.2;   10.90;
07.01.2003 08:15 ;  1069.2;  1069.2;   10.90;
07.01.2003 08:20 ;  1069.2;  1069.2;   10.90;
07.01.2003 08:25 ;  1069.2;  1069.2;   10.90;
07.01.2003 08:30 ;  1069.2;  1069.2;   10.90;
07.01.2003 08:35 ;  1069.2;  1069.2;   10.90;
07.01.2003 08:40 ;  1069.2;  1069.2;   10.90;
07.01.2003 08:45 ;  1069.2;  1069.2;   10.90;
07.01.2003 08:50 ;  1069.2;  1069.2;   10.90;
07.01.2003 08:55 ;  1069.2;  1069.2;   10.90;
07.01.2003 09:00 ;  1069.2;  1069.2;   10.90;
07.01.2003 09:05 ;  1069.2;  1069.2;   10.90;
07.01.2003 09:10 ;  1069.2;  1069.2;   10.90;
07.01.2003 09:15 ;  1069.2;  1069.2;   10.90;
07.01.2003 09:20 ;  1069.2;  1069.2;   10.90;
07.01.2003 09:25 ;  1069.2;  1069.2;   10.90;
07.01.2003 09:30 ;  1069.2;  1069.2;   10.90;
07.01.2003 09:35 ;  1069.2;  1069.2;   10.90;
07.01.2003 09:40 ;  1069.2;  1069.2;   10.90;
07.01.2003 09:45 ;  1069.2;  1069.2;   10.90;
07.01.2003 09:50 ;  1069.2;  1069.2;   10.90;
07.01.2003 09:55 ;  1069.2;  1069.2;   10.90;
07.01.2003 10:00 ;  1069.2;  1069.2;   10.90;
07.01.2003 10:05 ;  1069.2;  1069.2;   10.90;
07.01.2003 10:10 ;  1069.2;  1069.2;   10.90;
07.01.2003 10:15 ;  1069.2;  1069.2;   10.90;
07.01.2003 10:20 ;  1069.2;  1069.2;   10.90;
07.01.2003 10:25 ;  1069.2;  1069.2;   10.90;
07.01.2003 10:30 ;  1069.2;  1069.2;   10.90;
07.01.2003 10:35 ;  1069.2;  1069.2;   10.90;
07.01.2003 10:40 ;  1069.2;  1069.2;   10.90;
07.01.2003 10:45 ;  1069.2;  1069.2;   10.90;
07.01.2003 10:50 ;  1069.2;  1069.2;   10.90;
07.01.2003 10:55 ;  1069.2;  1069.2;   10.90;
07.01.2003 11:00 ;  1069.2;  1069.2;   10.90;
07.01.2003 11:05 ;  1069.2;  1069.2;   10.90;
07.01.2003 11:10 ;  1069.2;  1069.2;   10.90;
07.01.2003 11:15 ;  1069.2;  1069.2;   10.90;
07.01.2003 11:20 ;  1069.2;  1069.2;   10.90;
07.01.2003 11:25 ;  1069.2;  1069.2;   10.90;
07.01.2003 11:30 ;  1069.2;  1069.2;   10.90;
07.01.2003 11:35 ;  1069.2;  1069.2;   10.90;
07.01.2003 11:40 ;  1069.2;  1069.2;   10.90;
07.01.2003 11:45 ;  1069.2;  1069.2;   10.90;
07.01.2003 11:50 ;  1069.2;  1069.2;   10.90;
07.01.2003 11:55 ;  1069.2;  1069.2;   10.90;
07.01.2003 12:00 ;  1069.2;  1069.2;   10.90;
07.01.2003 12:05 ;  1069.2;  1069.2;   10.90;
07.01.2003 12:10 ;  1069.2;  1069.2;   10.90;
07.01.2003 12:15 ;  1069.2;  1069.2;   10.90;
07.01.2003 12:20 ;  1069.2;  1069.2;   10.90;
07.01.2003 12:25 ;  1069.2;  1069.2;   10.90;
07.01.2003 12:30 ;  1069.2;  1069.2;   10.90;
07.01.2003 12:35 ;  1069.2;  1069.2;   10.90;
07.01.2003 12:40 ;  1069.2;  1069.2;   10.90;
07.01.2003 12:45 ;  1069.2;  1069.2;   10.90;
07.01.2003 12:50 ;  1069.2;  1069.2;   10.90;
07.01.2003 12:55 ;  1069.2;  1069.2;   10.90;
07.01.2003 13:00 ;  1069.2;  1069.2;   10.90;
07.01.2003 13:05 ;  1069.2;  1069.2;   10.90;
07.01.2003 13:10 ;  1069.2;  1069.2;   10.90;
07.01.2003 13:15 ;  1069.2;  1069.2;   10.90;
07.01.2003 13:20 ;  1069.2;  1069.2;   10.90;
07.01.2003 13:25 ;  1069.2;  1069.2;   10.90;
07.01.2003 13:30 ;  1069.2;  1069.2;   10.90;
07.01.2003 13:35 ;  1069.2;  1069.2;   10.90;
07.01.2003 13:40 ;  1069.2;  1069.2;   10.90;
07.01.2003 13:45 ;  1069.2;  1069.2;   10.90;
07.01.2003 13:50 ;  1069.2;  1069.2;   10.90;
07.01.2003 13:55 ;  1069.2;  1069.2;   10.90;
07.01.2003 14:00 ;  1069.2;  1069.2;   10.90;
07.01.2003 14:05 ;  1069.2;  1069.2;   10.90;
07.01.2003 14:10 ;  1069.2;  1069.2;   10.90;
07.01.2003 14:15 ;  1069.2;  1069.2;   10.90;
07.01.2003 14:20 ;  1069.2;  1069.2;   10.90;
07.01.2003 14:25 ;  1069.2;  1069.2;   10.90;
07.01.2003 14:30 ;  1069.2;  1069.2;   10.90;
07.01.2003 14:35 ;  1069.2;  1069.2;   10.90;
07.01.2003 14:40 ;  1069.2;  1069.2;   10.90;
07.01.2003 14:45 ;  1069.2;  1069.2;   10.90;
07.01.2003 14:50 ;  1069.2;  1069.2;   10.90;
07.01.2003 14:55 ;  1069.2;  1069.2;   10.90;
07.01.2003 15:00 ;  1069.2;  1069.2;   10.90;
07.01.2003 15:05 ;  1069.2;  1069.2;   10.90;
07.01.2003 15:10 ;  1069.2;  1069.2;   10.90;
07.01.2003 15:15 ;  1069.2;  1069.2;   10.90;
07.01.2003 15:20 ;  1069.2;  1069.2;   10.90;
07.01.2003 15:25 ;  1069.2;  1069.2;   10.90;
07.01.2003 15:30 ;  1069.2;  1069.2;   10.90;
07.01.2003 15:35 ;  1069.2;  1069.2;   10.90;
07.01.2003 15:40 ;  1069.2;  1069.2;   10.90;
07.01.2003 15:45 ;  1069.2;  1069.2;   10.90;
07.01.2003 15:50 ;  1069.2;  1069.2;   10.90;
07.01.2003 15:55 ;  1069.2;  1069.2;   10.90;
07.01.2003 16:00 ;  1069.2;  1069.2;   10.90;
07.01.2003 16:05 ;  1069.2;  1069.2;   10.90;
07.01.2003 16:10 ;  1069.2;  1069.2;   10.90;
07.01.2003 16:15 ;  1069.2;  1069.2;   10.90;
07.01.2003 16:20 ;  1069.2;  1069.2;   10.90;
07.01.2003 16:25 ;  1069.2;  1069.2;   10.90;
07.01.2003 16:30 ;  1069.2;  1069.2;   10.90;
07.01.2003 16:35 ;  1069.2;  1069.2;   10.90;
07.01.2003 16:40 ;  1069.2;  1069.2;   10.90;
07.01.2003 16:45 ;  1069.2;  1069.2;   10.90;
07.01.2003 16:50 ;  1069.2;  1069.2;   10.90;
07.01.2003 16:55 ;  1069.2;  1069.2;   10.90;
07.01.2003 17:00 ;  1069.2;  1069.2;   10.90;
07.01.2003 17:05 ;  1069.2;  1069.2;   10.90;
07.01.2003 17:10 ;  1069.2;  1069.2;   10.90;
07.01.2003 17:15 ;  1069.2;  1069.2;   10.90;
07.01.2003 17:20 ;  1069.2;  1069.2;   10.90;
07.01.2003 17:25 ;  1069.2;  1069.2;   10.90;
07.01.2003 17:30 ;  1069.2;  1069.2;   10.90;
07.01.2003 17:35 ;  1069.2;  1069.2;   10.90;
07.01.2003 17:40 ;  1069.2;  1069.2;   10.90;
07.01.2003 17:45 ;  1069.2;  1069.2;   10.90;
07.01.2003 17:50 ;  1069.2;  1069.2;   10.90;
07.01.2003 17:55 ;  1069.2;  1069.2;   10.90;
07.01.2003 18:00 ;  1069.2;  1069.2;   10.90;
07.01.2003 18:05 ;  1069.2;  1069.2;   10.90;
07.01.2003 18:10 ;  1069.2;  1069.2;   10.90;
07.01.2003 18:15 ;  1069.2;  1069.2;   10.90;
07.01.2003 18:20 ;  1069.2;  1069.2;   10.90;
07.01.2003 18:25 ;  1069.2;  1069.2;   10.90;
07.01.2003 18:30 ;  1069.2;  1069.2;   10.90;
07.01.2003 18:35 ;  1069.2;  1069.2;   10.90;
07.01.2003 18:40 ;  1069.2;  1069.2;   10.90;
07.01.2003 18:45 ;  1069.2;  1069.2;   10.90;
07.01.2003 18:50 ;  1069.2;  1069.2;   10.90;
07.01.2003 18:55 ;  1069.2;  1069.2;   10.90;
07.01.2003 19:00 ;  1069.2;  1069.2;   10.90;
07.01.2003 19:05 ;  1069.2;  1069.2;   10.90;
07.01.2003 19:10 ;  1069.2;  1069.2;   10.90;
07.01.2003 19:15 ;  1069.2;  1069.2;   10.90;
07.01.2003 19:20 ;  1069.2;  1069.2;   10.90;
07.01.2003 19:25 ;  1069.2;  1069.2;   10.90;
07.01.2003 19:30 ;  1069.2;  1069.2;   10.90;
07.01.2003 19:35 ;  1069.2;  1069.2;   10.90;
07.01.2003 19:40 ;  1069.2;  1069.2;   10.90;
07.01.2003 19:45 ;  1069.2;  1069.2;   10.90;
07.01.2003 19:50 ;  1069.2;  1069.2;   10.90;
07.01.2003 19:55 ;  1069.2;  1069.2;   10.90;
07.01.2003 20:00 ;  1069.2;  1069.2;   10.90;
07.01.2003 20:05 ;  1069.2;  1069.2;   10.90;
07.01.2003 20:10 ;  1069.2;  1069.2;   10.90;
07.01.2003 20:15 ;  1069.2;  1069.2;   10.90;
07.01.2003 20:20 ;  1069.2;  1069.2;   10.90;
07.01.2003 20:25 ;  1069.2;  1069.2;   10.90;
07.01.2003 20:30 ;  1069.2;  1069.2;   10.90;
07.01.2003 20:35 ;  1069.2;  1069.2;   10.90;
07.01.2003 20:40 ;  1069.2;  1069.2;   10.90;
07.01.2003 20:45 ;  1069.2;  1069.2;   10.90;
07.01.2003 20:50 ;  1069.2;  1069.2;   10.90;
07.01.2003 20:55 ;  1069.2;  1069.2;   10.90;
07.01.2003 21:00 ;  1069.2;  1069.2;   10.90;
07.01.2003 21:05 ;  1069.2;  1069.2;   10.90;
07.01.2003 21:10 ;  1069.2;  1069.2;   10.90;
07.01.2003 21:15 ;  1069.2;  1069.2;   10.90;
07.01.2003 21:20 ;  1069.2;  1069.2;   10.90;
07.01.2003 21:25 ;  1069.2;  1069.2;   10.90;
07.01.2003 21:30 ;  1069.2;  1069.2;   10.90;
07.01.2003 21:35 ;  1069.2;  1069.2;   10.90;
07.01.2003 21:40 ;  1069.2;  1069.2;   10.90;
07.01.2003 21:45 ;  1069.2;  1069.2;   10.90;
07.01.2003 21:50 ;  1069.2;  1069.2;   10.90;
07.01.2003 21:55 ;  1069.2;  1069.2;   10.90;
07.01.2003 22:00 ;  1069.2;  1069.2;   10.90;
07.01.2003 22:05 ;  1069.2;  1069.2;   10.90;
07.01.2003 22:10 ;  1069.2;  1069.2;   10.90;
07.01.2003 22:15 ;  1069.2;  1069.2;   10.90;
07.01.2003 22:20 ;  1069.2;  1069.2;   10.90;
07.01.2003 22:25 ;  1069.2;  1069.2;   10.90;
07.01.2003 22:30 ;  1069.2;  1069.2;   10.90;
07.01.2003 22:35 ;  1069.2;  1069.2;   10.90;
07.01.2003 22:40 ;  1069.2;  1069.2;   10.90;
07.01.2003 22:45 ;  1069.2;  1069.2;   10.90;
07.01.2003 22:50 ;  1069.2;  1069.2;   10.90;
07.01.2003 22:55 ;  1069.2;  1069.2;   10.90;
07.01.2003 23:00 ;  1069.2;  1069.2;   10.90;
07.01.2003 23:05 ;  1069.2;  1069.2;   10.90;
07.01.2003 23:10 ;  1069.2;  1069.2;   10.90;
07.01.2003 23:15 ;  1069.2;  1069.2;   10.90;
07.01.2003 23:20 ;  1069.2;  1069.2;   10.90;
07.01.2003 23:25 ;  1069.2;  1069.2;   10.90;
07.01.2003 23:30 ;  1069.2;  1069.2;   10.90;
07.01.2003 23:35 ;  1069.2;  1069.2;   10.90;
07.01.2003 23:40 ;  1069.2;  1069.2;   10.90;
07.01.2003 23:45 ;  1069.2;  1069.2;   10.90;
07.01.2003 23:50 ;  1069.2;  1069.2;   10.90;
07.01.2003 23:55 ;  1069.2;  1069.2;   10.90;
08.01.2003 00:00 ;  1069.2;  1069.2;   10.90;
08.01.2003 00:05 ;  1069.2;  1069.2;   10.90;
08.01.2003 00:10 ;  1069.2;  1069.2;   10.90;
08.01.2003 00:15 ;  1069.2;  1069.2;   10.90;
08.01.2003 00:20 ;  1069.2;  1069.2;   10.90;
08.01.2003 00:25 ;  1069.2;  1069.2;   10.90;
08.01.2003 00:30 ;  1069.2;  1069.2;   10.90;
08.01.2003 00:35 ;  1069.2;  1069.2;   10.90;
08.01.2003 00:40 ;  1069.2;  1069.2;   10.90;
08.01.2003 00:45 ;  1069.2;  1069.2;   10.90;
08.01.2003 00:50 ;  1069.2;  1069.2;   10.90;
08.01.2003 00:55 ;  1069.2;  1069.2;   10.90;
08.01.2003 01:00 ;  1069.2;  1069.2;   10.90;
08.01.2003 01:05 ;  1069.2;  1069.2;   10.90;
08.01.2003 01:10 ;  1069.2;  1069.2;   10.90;
08.01.2003 01:15 ;  1069.2;  1069.2;   10.90;
08.01.2003 01:20 ;  1069.2;  1069.2;   10.90;
08.01.2003 01:25 ;  1069.2;  1069.2;   10.90;
08.01.2003 01:30 ;  1069.2;  1069.2;   10.90;
08.01.2003 01:35 ;  1069.2;  1069.2;   10.90;
08.01.2003 01:40 ;  1069.2;  1069.2;   10.90;
08.01.2003 01:45 ;  1069.2;  1069.2;   10.90;
08.01.2003 01:50 ;  1069.2;  1069.2;   10.90;
08.01.2003 01:55 ;  1069.2;  1069.2;   10.90;
08.01.2003 02:00 ;  1069.2;  1069.2;   10.90;
08.01.2003 02:05 ;  1069.2;  1069.2;   10.90;
08.01.2003 02:10 ;  1069.2;  1069.2;   10.90;
08.01.2003 02:15 ;  1069.2;  1069.2;   10.90;
08.01.2003 02:20 ;  1069.2;  1069.2;   10.90;
08.01.2003 02:25 ;  1069.2;  1069.2;   10.90;
08.01.2003 02:30 ;  1069.2;  1069.2;   10.90;
08.01.2003 02:35 ;  1069.2;  1069.2;   10.90;
08.01.2003 02:40 ;  1069.2;  1069.2;   10.90;
08.01.2003 02:45 ;  1069.2;  1069.2;   10.90;
08.01.2003 02:50 ;  1069.2;  1069.2;   10.90;
08.01.2003 02:55 ;  1069.2;  1069.2;   10.90;
08.01.2003 03:00 ;  1069.2;  1069.2;   10.90;
08.01.2003 03:05 ;  1069.2;  1069.2;   10.90;
08.01.2003 03:10 ;  1069.2;  1069.2;   10.90;
08.01.2003 03:15 ;  1069.2;  1069.2;   10.90;
08.01.2003 03:20 ;  1069.2;  1069.2;   10.90;
08.01.2003 03:25 ;  1069.2;  1069.2;   10.90;
08.01.2003 03:30 ;  1069.2;  1069.2;   10.90;
08.01.2003 03:35 ;  1069.2;  1069.2;   10.90;
08.01.2003 03:40 ;  1069.2;  1069.2;   10.90;
08.01.2003 03:45 ;  1069.2;  1069.2;   10.90;
08.01.2003 03:50 ;  1069.2;  1069.2;   10.90;
08.01.2003 03:55 ;  1069.2;  1069.2;   10.90;
08.01.2003 04:00 ;  1069.2;  1069.2;   10.90;
08.01.2003 04:05 ;  1069.2;  1069.2;   10.90;
08.01.2003 04:10 ;  1069.2;  1069.2;   10.90;
08.01.2003 04:15 ;  1069.2;  1069.2;   10.90;
08.01.2003 04:20 ;  1069.2;  1069.2;   10.90;
08.01.2003 04:25 ;  1069.2;  1069.2;   10.90;
08.01.2003 04:30 ;  1069.2;  1069.2;   10.90;
08.01.2003 04:35 ;  1069.2;  1069.2;   10.90;
08.01.2003 04:40 ;  1069.2;  1069.2;   10.90;
08.01.2003 04:45 ;  1069.2;  1069.2;   10.90;
08.01.2003 04:50 ;  1069.2;  1069.2;   10.90;
08.01.2003 04:55 ;  1069.2;  1069.2;   10.90;
08.01.2003 05:00 ;  1069.2;  1069.2;   10.90;
08.01.2003 05:05 ;  1069.2;  1069.2;   10.90;
08.01.2003 05:10 ;  1069.2;  1069.2;   10.90;
08.01.2003 05:15 ;  1069.2;  1069.2;   10.90;
08.01.2003 05:20 ;  1069.2;  1069.2;   10.90;
08.01.2003 05:25 ;  1069.2;  1069.2;   10.90;
08.01.2003 05:30 ;  1069.2;  1069.2;   10.90;
08.01.2003 05:35 ;  1069.2;  1069.2;   10.90;
08.01.2003 05:40 ;  1069.2;  1069.2;   10.90;
08.01.2003 05:45 ;  1069.2;  1069.2;   10.90;
08.01.2003 05:50 ;  1069.2;  1069.2;   10.90;
08.01.2003 05:55 ;  1069.2;  1069.2;   10.90;
08.01.2003 06:00 ;  1069.2;  1069.2;   10.90;
08.01.2003 06:05 ;  1069.2;  1069.2;   10.90;
08.01.2003 06:10 ;  1069.2;  1069.2;   10.90;
08.01.2003 06:15 ;  1069.2;  1069.2;   10.90;
08.01.2003 06:20 ;  1069.2;  1069.2;   10.90;
08.01.2003 06:25 ;  1069.2;  1069.2;   10.90;
08.01.2003 06:30 ;  1069.2;  1069.2;   10.90;
08.01.2003 06:35 ;  1069.2;  1069.2;   10.90;
08.01.2003 06:40 ;  1069.2;  1069.2;   10.90;
08.01.2003 06:45 ;  1069.2;  1069.2;   10.90;
08.01.2003 06:50 ;  1069.2;  1069.2;   10.90;
08.01.2003 06:55 ;  1069.2;  1069.2;   10.90;
08.01.2003 07:00 ;  1069.2;  1069.2;   10.90;
08.01.2003 07:05 ;  1069.2;  1069.2;   10.90;
08.01.2003 07:10 ;  1069.2;  1069.2;   10.90;
08.01.2003 07:15 ;  1069.2;  1069.2;   10.90;
08.01.2003 07:20 ;  1069.2;  1069.2;   10.90;
08.01.2003 07:25 ;  1069.2;  1069.2;   10.90;
08.01.2003 07:30 ;  1069.2;  1069.2;   10.90;
08.01.2003 07:35 ;  1069.2;  1069.2;   10.90;
08.01.2003 07:40 ;  1069.2;  1069.2;   10.90;
08.01.2003 07:45 ;  1069.2;  1069.2;   10.90;
08.01.2003 07:50 ;  1069.2;  1069.2;   10.90;
08.01.2003 07:55 ;  1069.2;  1069.2;   10.90;
08.01.2003 08:00 ;  1069.2;  1069.2;   10.90;
08.01.2003 08:05 ;  1069.2;  1069.2;   10.90;
08.01.2003 08:10 ;  1069.2;  1069.2;   10.90;
08.01.2003 08:15 ;  1069.2;  1069.2;   10.90;
08.01.2003 08:20 ;  1069.2;  1069.2;   10.90;
08.01.2003 08:25 ;  1069.2;  1069.2;   10.90;
08.01.2003 08:30 ;  1069.2;  1069.2;   10.90;
08.01.2003 08:35 ;  1069.2;  1069.2;   10.90;
08.01.2003 08:40 ;  1069.2;  1069.2;   10.90;
08.01.2003 08:45 ;  1069.2;  1069.2;   10.90;
08.01.2003 08:50 ;  1069.2;  1069.2;   10.90;
08.01.2003 08:55 ;  1069.2;  1069.2;   10.90;
08.01.2003 09:00 ;  1069.2;  1069.2;   10.90;
08.01.2003 09:05 ;  1069.2;  1069.2;   10.90;
08.01.2003 09:10 ;  1069.2;  1069.2;   10.90;
08.01.2003 09:15 ;  1069.2;  1069.2;   10.90;
08.01.2003 09:20 ;  1069.2;  1069.2;   10.90;
08.01.2003 09:25 ;  1069.2;  1069.2;   10.90;
08.01.2003 09:30 ;  1069.2;  1069.2;   10.90;
08.01.2003 09:35 ;  1069.2;  1069.2;   10.90;
08.01.2003 09:40 ;  1069.2;  1069.2;   10.90;
08.01.2003 09:45 ;  1069.2;  1069.2;   10.90;
08.01.2003 09:50 ;  1069.2;  1069.2;   10.90;
08.01.2003 09:55 ;  1069.2;  1069.2;   10.90;
08.01.2003 10:00 ;  1069.2;  1069.2;   10.90;
08.01.2003 10:05 ;  1069.2;  1069.2;   10.90;
08.01.2003 10:10 ;  1069.2;  1069.2;   10.90;
08.01.2003 10:15 ;  1069.2;  1069.2;   10.90;
08.01.2003 10:20 ;  1069.2;  1069.2;   10.90;
08.01.2003 10:25 ;  1069.2;  1069.2;   10.90;
08.01.2003 10:30 ;  1069.2;  1069.2;   10.90;
08.01.2003 10:35 ;  1069.2;  1069.2;   10.90;
08.01.2003 10:40 ;  1069.2;  1069.2;   10.90;
08.01.2003 10:45 ;  1069.2;  1069.2;   10.90;
08.01.2003 10:50 ;  1069.2;  1069.2;   10.90;
08.01.2003 10:55 ;  1069.2;  1069.2;   10.90;
08.01.2003 11:00 ;  1069.2;  1069.2;   10.90;
08.01.2003 11:05 ;  1069.2;  1069.2;   10.90;
08.01.2003 11:10 ;  1069.2;  1069.2;   10.90;
08.01.2003 11:15 ;  1069.2;  1069.2;   10.90;
08.01.2003 11:20 ;  1069.2;  1069.2;   10.90;
08.01.2003 11:25 ;  1069.2;  1069.2;   10.90;
08.01.2003 11:30 ;  1069.2;  1069.2;   10.90;
08.01.2003 11:35 ;  1069.2;  1069.2;   10.90;
08.01.2003 11:40 ;  1069.2;  1069.2;   10.90;
08.01.2003 11:45 ;  1069.2;  1069.2;   10.90;
08.01.2003 11:50 ;  1069.2;  1069.2;   10.90;
08.01.2003 11:55 ;  1069.2;  1069.2;   10.90;
08.01.2003 12:00 ;  1069.2;  1069.2;   10.90;
08.01.2003 12:05 ;  1069.2;  1069.2;   10.90;
08.01.2003 12:10 ;  1069.2;  1069.2;   10.90;
08.01.2003 12:15 ;  1069.2;  1069.2;   10.90;
08.01.2003 12:20 ;  1069.2;  1069.2;   10.90;
08.01.2003 12:25 ;  1069.2;  1069.2;   10.90;
08.01.2003 12:30 ;  1069.2;  1069.2;   10.90;
08.01.2003 12:35 ;  1069.2;  1069.2;   10.90;
08.01.2003 12:40 ;  1069.2;  1069.2;   10.90;
08.01.2003 12:45 ;  1069.2;  1069.2;   10.90;
08.01.2003 12:50 ;  1069.2;  1069.2;   10.90;
08.01.2003 12:55 ;  1069.2;  1069.2;   10.90;
08.01.2003 13:00 ;  1069.2;  1069.2;   10.90;
08.01.2003 13:05 ;  1069.2;  1069.2;   10.90;
08.01.2003 13:10 ;  1069.2;  1069.2;   10.90;
08.01.2003 13:15 ;  1069.2;  1069.2;   10.90;
08.01.2003 13:20 ;  1069.2;  1069.2;   10.90;
08.01.2003 13:25 ;  1069.2;  1069.2;   10.90;
08.01.2003 13:30 ;  1069.2;  1069.2;   10.90;
08.01.2003 13:35 ;  1069.2;  1069.2;   10.90;
08.01.2003 13:40 ;  1069.2;  1069.2;   10.90;
08.01.2003 13:45 ;  1069.2;  1069.2;   10.90;
08.01.2003 13:50 ;  1069.2;  1069.2;   10.90;
08.01.2003 13:55 ;  1069.2;  1069.2;   10.90;
08.01.2003 14:00 ;  1069.2;  1069.2;   10.90;
08.01.2003 14:05 ;  1069.2;  1069.2;   10.90;
08.01.2003 14:10 ;  1069.2;  1069.2;   10.90;
08.01.2003 14:15 ;  1069.2;  1069.2;   10.90;
08.01.2003 14:20 ;  1069.2;  1069.2;   10.90;
08.01.2003 14:25 ;  1069.2;  1069.2;   10.90;
08.01.2003 14:30 ;  1069.2;  1069.2;   10.90;
08.01.2003 14:35 ;  1069.2;  1069.2;   10.90;
08.01.2003 14:40 ;  1069.2;  1069.2;   10.90;
08.01.2003 14:45 ;  1069.2;  1069.2;   10.90;
08.01.2003 14:50 ;  1069.2;  1069.2;   10.90;
08.01.2003 14:55 ;  1069.2;  1069.2;   10.90;
08.01.2003 15:00 ;  1069.2;  1069.2;   10.90;
08.01.2003 15:05 ;  1069.2;  1069.2;   10.90;
08.01.2003 15:10 ;  1069.2;  1069.2;   10.90;
08.01.2003 15:15 ;  1069.2;  1069.2;   10.90;
08.01.2003 15:20 ;  1069.2;  1069.2;   10.90;
08.01.2003 15:25 ;  1069.2;  1069.2;   10.90;
08.01.2003 15:30 ;  1069.2;  1069.2;   10.90;
08.01.2003 15:35 ;  1069.2;  1069.2;   10.90;
08.01.2003 15:40 ;  1069.2;  1069.2;   10.90;
08.01.2003 15:45 ;  1069.2;  1069.2;   10.90;
08.01.2003 15:50 ;  1069.2;  1069.2;   10.90;
08.01.2003 15:55 ;  1069.2;  1069.2;   10.90;
08.01.2003 16:00 ;  1069.2;  1069.2;   10.90;
08.01.2003 16:05 ;  1069.2;  1069.2;   10.90;
08.01.2003 16:10 ;  1069.2;  1069.2;   10.90;
08.01.2003 16:15 ;  1069.2;  1069.2;   10.90;
08.01.2003 16:20 ;  1069.2;  1069.2;   10.90;
08.01.2003 16:25 ;  1069.2;  1069.2;   10.90;
08.01.2003 16:30 ;  1069.2;  1069.2;   10.90;
08.01.2003 16:35 ;  1069.2;  1069.2;   10.90;
08.01.2003 16:40 ;  1069.2;  1069.2;   10.90;
08.01.2003 16:45 ;  1069.2;  1069.2;   10.90;
08.01.2003 16:50 ;  1069.2;  1069.2;   10.90;
08.01.2003 16:55 ;  1069.2;  1069.2;   10.90;
08.01.2003 17:00 ;  1069.2;  1069.2;   10.90;
08.01.2003 17:05 ;  1069.2;  1069.2;   10.90;
08.01.2003 17:10 ;  1069.2;  1069.2;   10.90;
08.01.2003 17:15 ;  1069.2;  1069.2;   10.90;
08.01.2003 17:20 ;  1069.2;  1069.2;   10.90;
08.01.2003 17:25 ;  1069.2;  1069.2;   10.90;
08.01.2003 17:30 ;  1069.2;  1069.2;   10.90;
08.01.2003 17:35 ;  1069.2;  1069.2;   10.90;
08.01.2003 17:40 ;  1069.2;  1069.2;   10.90;
08.01.2003 17:45 ;  1069.2;  1069.2;   10.90;
08.01.2003 17:50 ;  1069.2;  1069.2;   10.90;
08.01.2003 17:55 ;  1069.2;  1069.2;   10.90;
08.01.2003 18:00 ;  1069.2;  1069.2;   10.90;
08.01.2003 18:05 ;  1069.2;  1069.2;   10.90;
08.01.2003 18:10 ;  1069.2;  1069.2;   10.90;
08.01.2003 18:15 ;  1069.2;  1069.2;   10.90;
08.01.2003 18:20 ;  1069.2;  1069.2;   10.90;
08.01.2003 18:25 ;  1069.2;  1069.2;   10.90;
08.01.2003 18:30 ;  1069.2;  1069.2;   10.90;
08.01.2003 18:35 ;  1069.2;  1069.2;   10.90;
08.01.2003 18:40 ;  1069.2;  1069.2;   10.90;
08.01.2003 18:45 ;  1069.2;  1069.2;   10.90;
08.01.2003 18:50 ;  1069.2;  1069.2;   10.90;
08.01.2003 18:55 ;  1069.2;  1069.2;   10.90;
08.01.2003 19:00 ;  1069.2;  1069.2;   10.90;
08.01.2003 19:05 ;  1069.2;  1069.2;   10.90;
08.01.2003 19:10 ;  1069.2;  1069.2;   10.90;
08.01.2003 19:15 ;  1069.2;  1069.2;   10.90;
08.01.2003 19:20 ;  1069.2;  1069.2;   10.90;
08.01.2003 19:25 ;  1069.2;  1069.2;   10.90;
08.01.2003 19:30 ;  1069.2;  1069.2;   10.90;
08.01.2003 19:35 ;  1069.2;  1069.2;   10.90;
08.01.2003 19:40 ;  1069.2;  1069.2;   10.90;
08.01.2003 19:45 ;  1069.2;  1069.2;   10.90;
08.01.2003 19:50 ;  1069.2;  1069.2;   10.90;
08.01.2003 19:55 ;  1069.2;  1069.2;   10.90;
08.01.2003 20:00 ;  1069.2;  1069.2;   10.90;
08.01.2003 20:05 ;  1069.2;  1069.2;   10.90;
08.01.2003 20:10 ;  1069.2;  1069.2;   10.90;
08.01.2003 20:15 ;  1069.2;  1069.2;   10.90;
08.01.2003 20:20 ;  1069.2;  1069.2;   10.90;
08.01.2003 20:25 ;  1069.2;  1069.2;   10.90;
08.01.2003 20:30 ;  1069.2;  1069.2;   10.90;
08.01.2003 20:35 ;  1069.2;  1069.2;   10.90;
08.01.2003 20:40 ;  1069.2;  1069.2;   10.90;
08.01.2003 20:45 ;  1069.2;  1069.2;   10.90;
08.01.2003 20:50 ;  1069.2;  1069.2;   10.90;
08.01.2003 20:55 ;  1069.2;  1069.2;   10.90;
08.01.2003 21:00 ;  1069.2;  1069.2;   10.90;
08.01.2003 21:05 ;  1069.2;  1069.2;   10.90;
08.01.2003 21:10 ;  1069.2;  1069.2;   10.90;
08.01.2003 21:15 ;  1069.2;  1069.2;   10.90;
08.01.2003 21:20 ;  1069.2;  1069.2;   10.90;
08.01.2003 21:25 ;  1069.2;  1069.2;   10.90;
08.01.2003 21:30 ;  1069.2;  1069.2;   10.90;
08.01.2003 21:35 ;  1069.2;  1069.2;   10.90;
08.01.2003 21:40 ;  1069.2;  1069.2;   10.90;
08.01.2003 21:45 ;  1069.2;  1069.2;   10.90;
08.01.2003 21:50 ;  1069.2;  1069.2;   10.90;
08.01.2003 21:55 ;  1069.2;  1069.2;   10.90;
08.01.2003 22:00 ;  1069.2;  1069.2;   10.90;
08.01.2003 22:05 ;  1069.2;  1069.2;   10.90;
08.01.2003 22:10 ;  1069.2;  1069.2;   10.90;
08.01.2003 22:15 ;  1069.2;  1069.2;   10.90;
08.01.2003 22:20 ;  1069.2;  1069.2;   10.90;
08.01.2003 22:25 ;  1069.2;  1069.2;   10.90;
08.01.2003 22:30 ;  1069.2;  1069.2;   10.90;
08.01.2003 22:35 ;  1069.2;  1069.2;   10.90;
08.01.2003 22:40 ;  1069.2;  1069.2;   10.90;
08.01.2003 22:45 ;  1069.2;  1069.2;   10.90;
08.01.2003 22:50 ;  1069.2;  1069.2;   10.90;
08.01.2003 22:55 ;  1069.2;  1069.2;   10.90;
08.01.2003 23:00 ;  1069.2;  1069.2;   10.90;
08.01.2003 23:05 ;  1069.2;  1069.2;   10.90;
08.01.2003 23:10 ;  1069.2;  1069.2;   10.90;
08.01.2003 23:15 ;  1069.2;  1069.2;   10.90;
08.01.2003 23:20 ;  1069.2;  1069.2;   10.90;
08.01.2003 23:25 ;  1069.2;  1069.2;   10.90;
08.01.2003 23:30 ;  1069.2;  1069.2;   10.90;
08.01.2003 23:35 ;  1069.2;  1069.2;   10.90;
08.01.2003 23:40 ;  1069.2;  1069.2;   10.90;
08.01.2003 23:45 ;  1069.2;  1069.2;   10.90;
08.01.2003 23:50 ;  1069.2;  1069.2;   10.90;
08.01.2003 23:55 ;  1069.2;  1069.2;   10.90;
09.01.2003 00:00 ;  1069.2;  1069.2;   10.90;
09.01.2003 00:05 ;  1069.2;  1069.2;   10.90;
09.01.2003 00:10 ;  1069.2;  1069.2;   10.90;
09.01.2003 00:15 ;  1069.2;  1069.2;   10.90;
09.01.2003 00:20 ;  1069.2;  1069.2;   10.90;
09.01.2003 00:25 ;  1069.2;  1069.2;   10.90;
09.01.2003 00:30 ;  1069.2;  1069.2;   10.90;
09.01.2003 00:35 ;  1069.2;  1069.2;   10.90;
09.01.2003 00:40 ;  1069.2;  1069.2;   10.90;
09.01.2003 00:45 ;  1069.2;  1069.2;   10.90;
09.01.2003 00:50 ;  1069.2;  1069.2;   10.90;
09.01.2003 00:55 ;  1069.2;  1069.2;   10.90;
09.01.2003 01:00 ;  1069.2;  1069.2;   10.90;
09.01.2003 01:05 ;  1069.2;  1069.2;   10.90;
09.01.2003 01:10 ;  1069.2;  1069.2;   10.90;
09.01.2003 01:15 ;  1069.2;  1069.2;   10.90;
09.01.2003 01:20 ;  1069.2;  1069.2;   10.90;
09.01.2003 01:25 ;  1069.2;  1069.2;   10.90;
09.01.2003 01:30 ;  1069.2;  1069.2;   10.90;
09.01.2003 01:35 ;  1069.2;  1069.2;   10.90;
09.01.2003 01:40 ;  1069.2;  1069.2;   10.90;
09.01.2003 01:45 ;  1069.2;  1069.2;   10.90;
09.01.2003 01:50 ;  1069.2;  1069.2;   10.90;
09.01.2003 01:55 ;  1069.2;  1069.2;   10.90;
09.01.2003 02:00 ;  1069.2;  1069.2;   10.90;
09.01.2003 02:05 ;  1069.2;  1069.2;   10.90;
09.01.2003 02:10 ;  1069.2;  1069.2;   10.90;
09.01.2003 02:15 ;  1069.2;  1069.2;   10.90;
09.01.2003 02:20 ;  1069.2;  1069.2;   10.90;
09.01.2003 02:25 ;  1069.2;  1069.2;   10.90;
09.01.2003 02:30 ;  1069.2;  1069.2;   10.90;
09.01.2003 02:35 ;  1069.2;  1069.2;   10.90;
09.01.2003 02:40 ;  1069.2;  1069.2;   10.90;
09.01.2003 02:45 ;  1069.2;  1069.2;   10.90;
09.01.2003 02:50 ;  1069.2;  1069.2;   10.90;
09.01.2003 02:55 ;  1069.2;  1069.2;   10.90;
09.01.2003 03:00 ;  1069.2;  1069.2;   10.90;
09.01.2003 03:05 ;  1069.2;  1069.2;   10.90;
09.01.2003 03:10 ;  1069.2;  1069.2;   10.90;
09.01.2003 03:15 ;  1069.2;  1069.2;   10.90;
09.01.2003 03:20 ;  1069.2;  1069.2;   10.90;
09.01.2003 03:25 ;  1069.2;  1069.2;   10.90;
09.01.2003 03:30 ;  1069.2;  1069.2;   10.90;
09.01.2003 03:35 ;  1069.2;  1069.2;   10.90;
09.01.2003 03:40 ;  1069.2;  1069.2;   10.90;
09.01.2003 03:45 ;  1069.2;  1069.2;   10.90;
09.01.2003 03:50 ;  1069.2;  1069.2;   10.90;
09.01.2003 03:55 ;  1069.2;  1069.2;   10.90;
09.01.2003 04:00 ;  1069.2;  1069.2;   10.90;
09.01.2003 04:05 ;  1069.2;  1069.2;   10.90;
09.01.2003 04:10 ;  1069.2;  1069.2;   10.90;
09.01.2003 04:15 ;  1069.2;  1069.2;   10.90;
09.01.2003 04:20 ;  1069.2;  1069.2;   10.90;
09.01.2003 04:25 ;  1069.2;  1069.2;   10.90;
09.01.2003 04:30 ;  1069.2;  1069.2;   10.90;
09.01.2003 04:35 ;  1069.2;  1069.2;   10.90;
09.01.2003 04:40 ;  1069.2;  1069.2;   10.90;
09.01.2003 04:45 ;  1069.2;  1069.2;   10.90;
09.01.2003 04:50 ;  1069.2;  1069.2;   10.90;
09.01.2003 04:55 ;  1069.2;  1069.2;   10.90;
09.01.2003 05:00 ;  1069.2;  1069.2;   10.90;
09.01.2003 05:05 ;  1069.2;  1069.2;   10.90;
09.01.2003 05:10 ;  1069.2;  1069.2;   10.90;
09.01.2003 05:15 ;  1069.2;  1069.2;   10.90;
09.01.2003 05:20 ;  1069.2;  1069.2;   10.90;
09.01.2003 05:25 ;  1069.2;  1069.2;   10.90;
09.01.2003 05:30 ;  1069.2;  1069.2;   10.90;
09.01.2003 05:35 ;  1069.2;  1069.2;   10.90;
09.01.2003 05:40 ;  1069.2;  1069.2;   10.90;
09.01.2003 05:45 ;  1069.2;  1069.2;   10.90;
09.01.2003 05:50 ;  1069.2;  1069.2;   10.90;
09.01.2003 05:55 ;  1069.2;  1069.2;   10.90;
09.01.2003 06:00 ;  1069.2;  1069.2;   10.90;
09.01.2003 06:05 ;  1069.2;  1069.2;   10.90;
09.01.2003 06:10 ;  1069.2;  1069.2;   10.90;
09.01.2003 06:15 ;  1069.2;  1069.2;   10.90;
09.01.2003 06:20 ;  1069.2;  1069.2;   10.90;
09.01.2003 06:25 ;  1069.2;  1069.2;   10.90;
09.01.2003 06:30 ;  1069.2;  1069.2;   10.90;
09.01.2003 06:35 ;  1069.2;  1069.2;   10.90;
09.01.2003 06:40 ;  1069.2;  1069.2;   10.90;
09.01.2003 06:45 ;  1069.2;  1069.2;   10.90;
09.01.2003 06:50 ;  1069.2;  1069.2;   10.90;
09.01.2003 06:55 ;  1069.2;  1069.2;   10.90;
09.01.2003 07:00 ;  1069.2;  1069.2;   10.90;
09.01.2003 07:05 ;  1069.2;  1069.2;   10.90;
09.01.2003 07:10 ;  1069.2;  1069.2;   10.90;
09.01.2003 07:15 ;  1069.2;  1069.2;   10.90;
09.01.2003 07:20 ;  1069.2;  1069.2;   10.90;
09.01.2003 07:25 ;  1069.2;  1069.2;   10.90;
09.01.2003 07:30 ;  1069.2;  1069.2;   10.90;
09.01.2003 07:35 ;  1069.2;  1069.2;   10.90;
09.01.2003 07:40 ;  1069.2;  1069.2;   10.90;
09.01.2003 07:45 ;  1069.2;  1069.2;   10.90;
09.01.2003 07:50 ;  1069.2;  1069.2;   10.90;
09.01.2003 07:55 ;  1069.2;  1069.2;   10.90;
09.01.2003 08:00 ;  1069.2;  1069.2;   10.90;
09.01.2003 08:05 ;  1069.2;  1069.2;   10.90;
09.01.2003 08:10 ;  1069.2;  1069.2;   10.90;
09.01.2003 08:15 ;  1069.2;  1069.2;   10.90;
09.01.2003 08:20 ;  1069.2;  1069.2;   10.90;
09.01.2003 08:25 ;  1069.2;  1069.2;   10.90;
09.01.2003 08:30 ;  1069.2;  1069.2;   10.90;
09.01.2003 08:35 ;  1069.2;  1069.2;   10.90;
09.01.2003 08:40 ;  1069.2;  1069.2;   10.90;
09.01.2003 08:45 ;  1069.2;  1069.2;   10.90;
09.01.2003 08:50 ;  1069.2;  1069.2;   10.90;
09.01.2003 08:55 ;  1069.2;  1069.2;   10.90;
09.01.2003 09:00 ;  1069.2;  1069.2;   10.90;
09.01.2003 09:05 ;  1069.2;  1069.2;   10.90;
09.01.2003 09:10 ;  1069.2;  1069.2;   10.90;
09.01.2003 09:15 ;  1069.2;  1069.2;   10.90;
09.01.2003 09:20 ;  1069.2;  1069.2;   10.90;
09.01.2003 09:25 ;  1069.2;  1069.2;   10.90;
09.01.2003 09:30 ;  1069.2;  1069.2;   10.90;
09.01.2003 09:35 ;  1069.2;  1069.2;   10.90;
09.01.2003 09:40 ;  1069.2;  1069.2;   10.90;
09.01.2003 09:45 ;  1069.2;  1069.2;   10.90;
09.01.2003 09:50 ;  1069.2;  1069.2;   10.90;
09.01.2003 09:55 ;  1069.2;  1069.2;   10.90;
09.01.2003 10:00 ;  1069.2;  1069.2;   10.90;
09.01.2003 10:05 ;  1069.2;  1069.2;   10.90;
09.01.2003 10:10 ;  1069.2;  1069.2;   10.90;
09.01.2003 10:15 ;  1069.2;  1069.2;   10.90;
09.01.2003 10:20 ;  1069.2;  1069.2;   10.90;
09.01.2003 10:25 ;  1069.2;  1069.2;   10.90;
09.01.2003 10:30 ;  1069.2;  1069.2;   10.90;
09.01.2003 10:35 ;  1069.2;  1069.2;   10.90;
09.01.2003 10:40 ;  1069.2;  1069.2;   10.90;
09.01.2003 10:45 ;  1069.2;  1069.2;   10.90;
09.01.2003 10:50 ;  1069.2;  1069.2;   10.90;
09.01.2003 10:55 ;  1069.2;  1069.2;   10.90;
09.01.2003 11:00 ;  1069.2;  1069.2;   10.90;
09.01.2003 11:05 ;  1069.2;  1069.2;   10.90;
09.01.2003 11:10 ;  1069.2;  1069.2;   10.90;
09.01.2003 11:15 ;  1069.2;  1069.2;   10.90;
09.01.2003 11:20 ;  1069.2;  1069.2;   10.90;
09.01.2003 11:25 ;  1069.2;  1069.2;   10.90;
09.01.2003 11:30 ;  1069.2;  1069.2;   10.90;
09.01.2003 11:35 ;  1069.2;  1069.2;   10.90;
09.01.2003 11:40 ;  1069.2;  1069.2;   10.90;
09.01.2003 11:45 ;  1069.2;  1069.2;   10.90;
09.01.2003 11:50 ;  1069.2;  1069.2;   10.90;
09.01.2003 11:55 ;  1069.2;  1069.2;   10.90;
09.01.2003 12:00 ;  1069.2;  1069.2;   10.90;
09.01.2003 12:05 ;  1069.2;  1069.2;   10.90;
09.01.2003 12:10 ;  1069.2;  1069.2;   10.90;
09.01.2003 12:15 ;  1069.2;  1069.2;   10.90;
09.01.2003 12:20 ;  1069.2;  1069.2;   10.90;
09.01.2003 12:25 ;  1069.2;  1069.2;   10.90;
09.01.2003 12:30 ;  1069.2;  1069.2;   10.90;
09.01.2003 12:35 ;  1069.2;  1069.2;   10.90;
09.01.2003 12:40 ;  1069.2;  1069.2;   10.90;
09.01.2003 12:45 ;  1069.2;  1069.2;   10.90;
09.01.2003 12:50 ;  1069.2;  1069.2;   10.90;
09.01.2003 12:55 ;  1069.2;  1069.2;   10.90;
09.01.2003 13:00 ;  1069.2;  1069.2;   10.90;
09.01.2003 13:05 ;  1069.2;  1069.2;   10.90;
09.01.2003 13:10 ;  1069.2;  1069.2;   10.90;
09.01.2003 13:15 ;  1069.2;  1069.2;   10.90;
09.01.2003 13:20 ;  1069.2;  1069.2;   10.90;
09.01.2003 13:25 ;  1069.2;  1069.2;   10.90;
09.01.2003 13:30 ;  1069.2;  1069.2;   10.90;
09.01.2003 13:35 ;  1069.2;  1069.2;   10.90;
09.01.2003 13:40 ;  1069.2;  1069.2;   10.90;
09.01.2003 13:45 ;  1069.2;  1069.2;   10.90;
09.01.2003 13:50 ;  1069.2;  1069.2;   10.90;
09.01.2003 13:55 ;  1069.2;  1069.2;   10.90;
09.01.2003 14:00 ;  1069.2;  1069.2;   10.90;
09.01.2003 14:05 ;  1069.2;  1069.2;   10.90;
09.01.2003 14:10 ;  1069.2;  1069.2;   10.90;
09.01.2003 14:15 ;  1069.2;  1069.2;   10.90;
09.01.2003 14:20 ;  1069.2;  1069.2;   10.90;
09.01.2003 14:25 ;  1069.2;  1069.2;   10.90;
09.01.2003 14:30 ;  1069.2;  1069.2;   10.90;
09.01.2003 14:35 ;  1069.2;  1069.2;   10.90;
09.01.2003 14:40 ;  1069.2;  1069.2;   10.90;
09.01.2003 14:45 ;  1069.2;  1069.2;   10.90;
09.01.2003 14:50 ;  1069.2;  1069.2;   10.90;
09.01.2003 14:55 ;  1069.2;  1069.2;   10.90;
09.01.2003 15:00 ;  1069.2;  1069.2;   10.90;
09.01.2003 15:05 ;  1069.2;  1069.2;   10.90;
09.01.2003 15:10 ;  1069.2;  1069.2;   10.90;
09.01.2003 15:15 ;  1069.2;  1069.2;   10.90;
09.01.2003 15:20 ;  1069.2;  1069.2;   10.90;
09.01.2003 15:25 ;  1069.2;  1069.2;   10.90;
09.01.2003 15:30 ;  1069.2;  1069.2;   10.90;
09.01.2003 15:35 ;  1069.2;  1069.2;   10.90;
09.01.2003 15:40 ;  1069.2;  1069.2;   10.90;
09.01.2003 15:45 ;  1069.2;  1069.2;   10.90;
09.01.2003 15:50 ;  1069.2;  1069.2;   10.90;
09.01.2003 15:55 ;  1069.2;  1069.2;   10.90;
09.01.2003 16:00 ;  1069.2;  1069.2;   10.90;
09.01.2003 16:05 ;  1069.2;  1069.2;   10.90;
09.01.2003 16:10 ;  1069.2;  1069.2;   10.90;
09.01.2003 16:15 ;  1069.2;  1069.2;   10.90;
09.01.2003 16:20 ;  1069.2;  1069.2;   10.90;
09.01.2003 16:25 ;  1069.2;  1069.2;   10.90;
09.01.2003 16:30 ;  1069.2;  1069.2;   10.90;
09.01.2003 16:35 ;  1069.2;  1069.2;   10.90;
09.01.2003 16:40 ;  1069.2;  1069.2;   10.90;
09.01.2003 16:45 ;  1069.2;  1069.2;   10.90;
09.01.2003 16:50 ;  1069.2;  1069.2;   10.90;
09.01.2003 16:55 ;  1069.2;  1069.2;   10.90;
09.01.2003 17:00 ;  1069.2;  1069.2;   10.90;
09.01.2003 17:05 ;  1069.2;  1069.2;   10.90;
09.01.2003 17:10 ;  1069.2;  1069.2;   10.90;
09.01.2003 17:15 ;  1069.2;  1069.2;   10.90;
09.01.2003 17:20 ;  1069.2;  1069.2;   10.90;
09.01.2003 17:25 ;  1069.2;  1069.2;   10.90;
09.01.2003 17:30 ;  1069.2;  1069.2;   10.90;
09.01.2003 17:35 ;  1069.2;  1069.2;   10.90;
09.01.2003 17:40 ;  1069.2;  1069.2;   10.90;
09.01.2003 17:45 ;  1069.2;  1069.2;   10.90;
09.01.2003 17:50 ;  1069.2;  1069.2;   10.90;
09.01.2003 17:55 ;  1069.2;  1069.2;   10.90;
09.01.2003 18:00 ;  1069.2;  1069.2;   10.90;
09.01.2003 18:05 ;  1069.2;  1069.2;   10.90;
09.01.2003 18:10 ;  1069.2;  1069.2;   10.90;
09.01.2003 18:15 ;  1069.2;  1069.2;   10.90;
09.01.2003 18:20 ;  1069.2;  1069.2;   10.90;
09.01.2003 18:25 ;  1069.2;  1069.2;   10.90;
09.01.2003 18:30 ;  1069.2;  1069.2;   10.90;
09.01.2003 18:35 ;  1069.2;  1069.2;   10.90;
09.01.2003 18:40 ;  1069.2;  1069.2;   10.90;
09.01.2003 18:45 ;  1069.2;  1069.2;   10.90;
09.01.2003 18:50 ;  1069.2;  1069.2;   10.90;
09.01.2003 18:55 ;  1069.2;  1069.2;   10.90;
09.01.2003 19:00 ;  1069.2;  1069.2;   10.90;
09.01.2003 19:05 ;  1069.2;  1069.2;   10.90;
09.01.2003 19:10 ;  1069.2;  1069.2;   10.90;
09.01.2003 19:15 ;  1069.2;  1069.2;   10.90;
09.01.2003 19:20 ;  1069.2;  1069.2;   10.90;
09.01.2003 19:25 ;  1069.2;  1069.2;   10.90;
09.01.2003 19:30 ;  1069.2;  1069.2;   10.90;
09.01.2003 19:35 ;  1069.2;  1069.2;   10.90;
09.01.2003 19:40 ;  1069.2;  1069.2;   10.90;
09.01.2003 19:45 ;  1069.2;  1069.2;   10.90;
09.01.2003 19:50 ;  1069.2;  1069.2;   10.90;
09.01.2003 19:55 ;  1069.2;  1069.2;   10.90;
09.01.2003 20:00 ;  1069.2;  1069.2;   10.90;
09.01.2003 20:05 ;  1069.2;  1069.2;   10.90;
09.01.2003 20:10 ;  1069.2;  1069.2;   10.90;
09.01.2003 20:15 ;  1069.2;  1069.2;   10.90;
09.01.2003 20:20 ;  1069.2;  1069.2;   10.90;
09.01.2003 20:25 ;  1069.2;  1069.2;   10.90;
09.01.2003 20:30 ;  1069.2;  1069.2;   10.90;
09.01.2003 20:35 ;  1069.2;  1069.2;   10.90;
09.01.2003 20:40 ;  1069.2;  1069.2;   10.90;
09.01.2003 20:45 ;  1069.2;  1069.2;   10.90;
09.01.2003 20:50 ;  1069.2;  1069.2;   10.90;
09.01.2003 20:55 ;  1069.2;  1069.2;   10.90;
09.01.2003 21:00 ;  1069.2;  1069.2;   10.90;
09.01.2003 21:05 ;  1069.2;  1069.2;   10.90;
09.01.2003 21:10 ;  1069.2;  1069.2;   10.90;
09.01.2003 21:15 ;  1069.2;  1069.2;   10.90;
09.01.2003 21:20 ;  1069.2;  1069.2;   10.90;
09.01.2003 21:25 ;  1069.2;  1069.2;   10.90;
09.01.2003 21:30 ;  1069.2;  1069.2;   10.90;
09.01.2003 21:35 ;  1069.2;  1069.2;   10.90;
09.01.2003 21:40 ;  1069.2;  1069.2;   10.90;
09.01.2003 21:45 ;  1069.2;  1069.2;   10.90;
09.01.2003 21:50 ;  1069.2;  1069.2;   10.90;
09.01.2003 21:55 ;  1069.2;  1069.2;   10.90;
09.01.2003 22:00 ;  1069.2;  1069.2;   10.90;
09.01.2003 22:05 ;  1069.2;  1069.2;   10.90;
09.01.2003 22:10 ;  1069.2;  1069.2;   10.90;
09.01.2003 22:15 ;  1069.2;  1069.2;   10.90;
09.01.2003 22:20 ;  1069.2;  1069.2;   10.90;
09.01.2003 22:25 ;  1069.2;  1069.2;   10.90;
09.01.2003 22:30 ;  1069.2;  1069.2;   10.90;
09.01.2003 22:35 ;  1069.2;  1069.2;   10.90;
09.01.2003 22:40 ;  1069.2;  1069.2;   10.90;
09.01.2003 22:45 ;  1069.2;  1069.2;   10.90;
09.01.2003 22:50 ;  1069.2;  1069.2;   10.90;
09.01.2003 22:55 ;  1069.2;  1069.2;   10.90;
09.01.2003 23:00 ;  1069.2;  1069.2;   10.90;
09.01.2003 23:05 ;  1069.2;  1069.2;   10.90;
09.01.2003 23:10 ;  1069.2;  1069.2;   10.90;
09.01.2003 23:15 ;  1069.2;  1069.2;   10.90;
09.01.2003 23:20 ;  1069.2;  1069.2;   10.90;
09.01.2003 23:25 ;  1069.2;  1069.2;   10.90;
09.01.2003 23:30 ;  1069.2;  1069.2;   10.90;
09.01.2003 23:35 ;  1069.2;  1069.2;   10.90;
09.01.2003 23:40 ;  1069.2;  1069.2;   10.90;
09.01.2003 23:45 ;  1069.2;  1069.2;   10.90;
09.01.2003 23:50 ;  1069.2;  1069.2;   10.90;
09.01.2003 23:55 ;  1069.2;  1069.2;   10.90;
10.01.2003 00:00 ;  1069.2;  1069.2;   10.90;
10.01.2003 00:05 ;  1069.2;  1069.2;   10.90;
10.01.2003 00:10 ;  1069.2;  1069.2;   10.90;
10.01.2003 00:15 ;  1069.2;  1069.2;   10.90;
10.01.2003 00:20 ;  1069.2;  1069.2;   10.90;
10.01.2003 00:25 ;  1069.2;  1069.2;   10.90;
10.01.2003 00:30 ;  1069.2;  1069.2;   10.90;
10.01.2003 00:35 ;  1069.2;  1069.2;   10.90;
10.01.2003 00:40 ;  1069.2;  1069.2;   10.90;
10.01.2003 00:45 ;  1069.2;  1069.2;   10.90;
10.01.2003 00:50 ;  1069.2;  1069.2;   10.90;
10.01.2003 00:55 ;  1069.2;  1069.2;   10.90;
10.01.2003 01:00 ;  1069.2;  1069.2;   10.90;
10.01.2003 01:05 ;  1069.2;  1069.2;   10.90;
10.01.2003 01:10 ;  1069.2;  1069.2;   10.90;
10.01.2003 01:15 ;  1069.2;  1069.2;   10.90;
10.01.2003 01:20 ;  1069.2;  1069.2;   10.90;
10.01.2003 01:25 ;  1069.2;  1069.2;   10.90;
10.01.2003 01:30 ;  1069.2;  1069.2;   10.90;
10.01.2003 01:35 ;  1069.2;  1069.2;   10.90;
10.01.2003 01:40 ;  1069.2;  1069.2;   10.90;
10.01.2003 01:45 ;  1069.2;  1069.2;   10.90;
10.01.2003 01:50 ;  1069.2;  1069.2;   10.90;
10.01.2003 01:55 ;  1069.2;  1069.2;   10.90;
10.01.2003 02:00 ;  1069.2;  1069.2;   10.90;
10.01.2003 02:05 ;  1069.2;  1069.2;   10.90;
10.01.2003 02:10 ;  1069.2;  1069.2;   10.90;
10.01.2003 02:15 ;  1069.2;  1069.2;   10.90;
10.01.2003 02:20 ;  1069.2;  1069.2;   10.90;
10.01.2003 02:25 ;  1069.2;  1069.2;   10.90;
10.01.2003 02:30 ;  1069.2;  1069.2;   10.90;
10.01.2003 02:35 ;  1069.2;  1069.2;   10.90;
10.01.2003 02:40 ;  1069.2;  1069.2;   10.90;
10.01.2003 02:45 ;  1069.2;  1069.2;   10.90;
10.01.2003 02:50 ;  1069.2;  1069.2;   10.90;
10.01.2003 02:55 ;  1069.2;  1069.2;   10.90;
10.01.2003 03:00 ;  1069.2;  1069.2;   10.90;
10.01.2003 03:05 ;  1069.2;  1069.2;   10.90;
10.01.2003 03:10 ;  1069.2;  1069.2;   10.90;
10.01.2003 03:15 ;  1069.2;  1069.2;   10.90;
10.01.2003 03:20 ;  1069.2;  1069.2;   10.90;
10.01.2003 03:25 ;  1069.2;  1069.2;   10.90;
10.01.2003 03:30 ;  1069.2;  1069.2;   10.90;
10.01.2003 03:35 ;  1069.2;  1069.2;   10.90;
10.01.2003 03:40 ;  1069.2;  1069.2;   10.90;
10.01.2003 03:45 ;  1069.2;  1069.2;   10.90;
10.01.2003 03:50 ;  1069.2;  1069.2;   10.90;
10.01.2003 03:55 ;  1069.2;  1069.2;   10.90;
10.01.2003 04:00 ;  1069.2;  1069.2;   10.90;
10.01.2003 04:05 ;  1069.2;  1069.2;   10.90;
10.01.2003 04:10 ;  1069.2;  1069.2;   10.90;
10.01.2003 04:15 ;  1069.2;  1069.2;   10.90;
10.01.2003 04:20 ;  1069.2;  1069.2;   10.90;
10.01.2003 04:25 ;  1069.2;  1069.2;   10.90;
10.01.2003 04:30 ;  1069.2;  1069.2;   10.90;
10.01.2003 04:35 ;  1069.2;  1069.2;   10.90;
10.01.2003 04:40 ;  1069.2;  1069.2;   10.90;
10.01.2003 04:45 ;  1069.2;  1069.2;   10.90;
10.01.2003 04:50 ;  1069.2;  1069.2;   10.90;
10.01.2003 04:55 ;  1069.2;  1069.2;   10.90;
10.01.2003 05:00 ;  1069.2;  1069.2;   10.90;
10.01.2003 05:05 ;  1069.2;  1069.2;   10.90;
10.01.2003 05:10 ;  1069.2;  1069.2;   10.90;
10.01.2003 05:15 ;  1069.2;  1069.2;   10.90;
10.01.2003 05:20 ;  1069.2;  1069.2;   10.90;
10.01.2003 05:25 ;  1069.2;  1069.2;   10.90;
10.01.2003 05:30 ;  1069.2;  1069.2;   10.90;
10.01.2003 05:35 ;  1069.2;  1069.2;   10.90;
10.01.2003 05:40 ;  1069.2;  1069.2;   10.90;
10.01.2003 05:45 ;  1069.2;  1069.2;   10.90;
10.01.2003 05:50 ;  1069.2;  1069.2;   10.90;
10.01.2003 05:55 ;  1069.2;  1069.2;   10.90;
10.01.2003 06:00 ;  1069.2;  1069.2;   10.90;
10.01.2003 06:05 ;  1069.2;  1069.2;   10.90;
10.01.2003 06:10 ;  1069.2;  1069.2;   10.90;
10.01.2003 06:15 ;  1069.2;  1069.2;   10.90;
10.01.2003 06:20 ;  1069.2;  1069.2;   10.90;
10.01.2003 06:25 ;  1069.2;  1069.2;   10.90;
10.01.2003 06:30 ;  1069.2;  1069.2;   10.90;
10.01.2003 06:35 ;  1069.2;  1069.2;   10.90;
10.01.2003 06:40 ;  1069.2;  1069.2;   10.90;
10.01.2003 06:45 ;  1069.2;  1069.2;   10.90;
10.01.2003 06:50 ;  1069.2;  1069.2;   10.90;
10.01.2003 06:55 ;  1069.2;  1069.2;   10.90;
10.01.2003 07:00 ;  1069.2;  1069.2;   10.90;
10.01.2003 07:05 ;  1069.2;  1069.2;   10.90;
10.01.2003 07:10 ;  1069.2;  1069.2;   10.90;
10.01.2003 07:15 ;  1069.2;  1069.2;   10.90;
10.01.2003 07:20 ;  1069.2;  1069.2;   10.90;
10.01.2003 07:25 ;  1069.2;  1069.2;   10.90;
10.01.2003 07:30 ;  1069.2;  1069.2;   10.90;
10.01.2003 07:35 ;  1069.2;  1069.2;   10.90;
10.01.2003 07:40 ;  1069.2;  1069.2;   10.90;
10.01.2003 07:45 ;  1069.2;  1069.2;   10.90;
10.01.2003 07:50 ;  1069.2;  1069.2;   10.90;
10.01.2003 07:55 ;  1069.2;  1069.2;   10.90;
10.01.2003 08:00 ;  1069.2;  1069.2;   10.90;
10.01.2003 08:05 ;  1069.2;  1069.2;   10.90;
10.01.2003 08:10 ;  1069.2;  1069.2;   10.90;
10.01.2003 08:15 ;  1069.2;  1069.2;   10.90;
10.01.2003 08:20 ;  1069.2;  1069.2;   10.90;
10.01.2003 08:25 ;  1069.2;  1069.2;   10.90;
10.01.2003 08:30 ;  1069.2;  1069.2;   10.90;
10.01.2003 08:35 ;  1069.2;  1069.2;   10.90;
10.01.2003 08:40 ;  1069.2;  1069.2;   10.90;
10.01.2003 08:45 ;  1069.2;  1069.2;   10.90;
10.01.2003 08:50 ;  1069.2;  1069.2;   10.90;
10.01.2003 08:55 ;  1069.2;  1069.2;   10.90;
10.01.2003 09:00 ;  1069.2;  1069.2;   10.90;
10.01.2003 09:05 ;  1069.2;  1069.2;   10.90;
10.01.2003 09:10 ;  1069.2;  1069.2;   10.90;
10.01.2003 09:15 ;  1069.2;  1069.2;   10.90;
10.01.2003 09:20 ;  1069.2;  1069.2;   10.90;
10.01.2003 09:25 ;  1069.2;  1069.2;   10.90;
10.01.2003 09:30 ;  1069.2;  1069.2;   10.90;
10.01.2003 09:35 ;  1069.2;  1069.2;   10.90;
10.01.2003 09:40 ;  1069.2;  1069.2;   10.90;
10.01.2003 09:45 ;  1069.2;  1069.2;   10.90;
10.01.2003 09:50 ;  1069.2;  1069.2;   10.90;
10.01.2003 09:55 ;  1069.2;  1069.2;   10.90;
10.01.2003 10:00 ;  1069.2;  1069.2;   10.90;
10.01.2003 10:05 ;  1069.2;  1069.2;   10.90;
10.01.2003 10:10 ;  1069.2;  1069.2;   10.90;
10.01.2003 10:15 ;  1069.2;  1069.2;   10.90;
10.01.2003 10:20 ;  1069.2;  1069.2;   10.90;
10.01.2003 10:25 ;  1069.2;  1069.2;   10.90;
10.01.2003 10:30 ;  1069.2;  1069.2;   10.90;
10.01.2003 10:35 ;  1069.2;  1069.2;   10.90;
10.01.2003 10:40 ;  1069.2;  1069.2;   10.90;
10.01.2003 10:45 ;  1069.2;  1069.2;   10.90;
10.01.2003 10:50 ;  1069.2;  1069.2;   10.90;
10.01.2003 10:55 ;  1069.2;  1069.2;   10.90;
10.01.2003 11:00 ;  1069.2;  1069.2;   10.90;
10.01.2003 11:05 ;  1069.2;  1069.2;   10.90;
10.01.2003 11:10 ;  1069.2;  1069.2;   10.90;
10.01.2003 11:15 ;  1069.2;  1069.2;   10.90;
10.01.2003 11:20 ;  1069.2;  1069.2;   10.90;
10.01.2003 11:25 ;  1069.2;  1069.2;   10.90;
10.01.2003 11:30 ;  1069.2;  1069.2;   10.90;
10.01.2003 11:35 ;  1069.2;  1069.2;   10.90;
10.01.2003 11:40 ;  1069.2;  1069.2;   10.90;
10.01.2003 11:45 ;  1069.2;  1069.2;   10.90;
10.01.2003 11:50 ;  1069.2;  1069.2;   10.90;
10.01.2003 11:55 ;  1069.2;  1069.2;   10.90;
10.01.2003 12:00 ;  1069.2;  1069.2;   10.90;
10.01.2003 12:05 ;  1069.2;  1069.2;   10.90;
10.01.2003 12:10 ;  1069.2;  1069.2;   10.90;
10.01.2003 12:15 ;  1069.2;  1069.2;   10.90;
10.01.2003 12:20 ;  1069.2;  1069.2;   10.90;
10.01.2003 12:25 ;  1069.2;  1069.2;   10.90;
10.01.2003 12:30 ;  1069.2;  1069.2;   10.90;
10.01.2003 12:35 ;  1069.2;  1069.2;   10.90;
10.01.2003 12:40 ;  1069.2;  1069.2;   10.90;
10.01.2003 12:45 ;  1069.2;  1069.2;   10.90;
10.01.2003 12:50 ;  1069.2;  1069.2;   10.90;
10.01.2003 12:55 ;  1069.2;  1069.2;   10.90;
10.01.2003 13:00 ;  1069.2;  1069.2;   10.90;
10.01.2003 13:05 ;  1069.2;  1069.2;   10.90;
10.01.2003 13:10 ;  1069.2;  1069.2;   10.90;
10.01.2003 13:15 ;  1069.2;  1069.2;   10.90;
10.01.2003 13:20 ;  1069.2;  1069.2;   10.90;
10.01.2003 13:25 ;  1069.2;  1069.2;   10.90;
10.01.2003 13:30 ;  1069.2;  1069.2;   10.90;
10.01.2003 13:35 ;  1069.2;  1069.2;   10.90;
10.01.2003 13:40 ;  1069.2;  1069.2;   10.90;
10.01.2003 13:45 ;  1069.2;  1069.2;   10.90;
10.01.2003 13:50 ;  1069.2;  1069.2;   10.90;
10.01.2003 13:55 ;  1069.2;  1069.2;   10.90;
10.01.2003 14:00 ;  1069.2;  1069.2;   10.90;
10.01.2003 14:05 ;  1069.2;  1069.2;   10.90;
10.01.2003 14:10 ;  1069.2;  1069.2;   10.90;
10.01.2003 14:15 ;  1069.2;  1069.2;   10.90;
10.01.2003 14:20 ;  1069.2;  1069.2;   10.90;
10.01.2003 14:25 ;  1069.2;  1069.2;   10.90;
10.01.2003 14:30 ;  1069.2;  1069.2;   10.90;
10.01.2003 14:35 ;  1069.2;  1069.2;   10.90;
10.01.2003 14:40 ;  1069.2;  1069.2;   10.90;
10.01.2003 14:45 ;  1069.2;  1069.2;   10.90;
10.01.2003 14:50 ;  1069.2;  1069.2;   10.90;
10.01.2003 14:55 ;  1069.2;  1069.2;   10.90;
10.01.2003 15:00 ;  1069.2;  1069.2;   10.90;
10.01.2003 15:05 ;  1069.2;  1069.2;   10.90;
10.01.2003 15:10 ;  1069.2;  1069.2;   10.90;
10.01.2003 15:15 ;  1069.2;  1069.2;   10.90;
10.01.2003 15:20 ;  1069.2;  1069.2;   10.90;
10.01.2003 15:25 ;  1069.2;  1069.2;   10.90;
10.01.2003 15:30 ;  1069.2;  1069.2;   10.90;
10.01.2003 15:35 ;  1069.2;  1069.2;   10.90;
10.01.2003 15:40 ;  1069.2;  1069.2;   10.90;
10.01.2003 15:45 ;  1069.2;  1069.2;   10.90;
10.01.2003 15:50 ;  1069.2;  1069.2;   10.90;
10.01.2003 15:55 ;  1069.2;  1069.2;   10.90;
10.01.2003 16:00 ;  1069.2;  1069.2;   10.90;
10.01.2003 16:05 ;  1069.2;  1069.2;   10.90;
10.01.2003 16:10 ;  1069.2;  1069.2;   10.90;
10.01.2003 16:15 ;  1069.2;  1069.2;   10.90;
10.01.2003 16:20 ;  1069.2;  1069.2;   10.90;
10.01.2003 16:25 ;  1069.2;  1069.2;   10.90;
10.01.2003 16:30 ;  1069.2;  1069.2;   10.90;
10.01.2003 16:35 ;  1069.2;  1069.2;   10.90;
10.01.2003 16:40 ;  1069.2;  1069.2;   10.90;
10.01.2003 16:45 ;  1069.2;  1069.2;   10.90;
10.01.2003 16:50 ;  1069.2;  1069.2;   10.90;
10.01.2003 16:55 ;  1069.2;  1069.2;   10.90;
10.01.2003 17:00 ;  1069.2;  1069.2;   10.90;
10.01.2003 17:05 ;  1069.2;  1069.2;   10.90;
10.01.2003 17:10 ;  1069.2;  1069.2;   10.90;
10.01.2003 17:15 ;  1069.2;  1069.2;   10.90;
10.01.2003 17:20 ;  1069.2;  1069.2;   10.90;
10.01.2003 17:25 ;  1069.2;  1069.2;   10.90;
10.01.2003 17:30 ;  1069.2;  1069.2;   10.90;
10.01.2003 17:35 ;  1069.2;  1069.2;   10.90;
10.01.2003 17:40 ;  1069.2;  1069.2;   10.90;
10.01.2003 17:45 ;  1069.2;  1069.2;   10.90;
10.01.2003 17:50 ;  1069.2;  1069.2;   10.90;
10.01.2003 17:55 ;  1069.2;  1069.2;   10.90;
10.01.2003 18:00 ;  1069.2;  1069.2;   10.90;
10.01.2003 18:05 ;  1069.2;  1069.2;   10.90;
10.01.2003 18:10 ;  1069.2;  1069.2;   10.90;
10.01.2003 18:15 ;  1069.2;  1069.2;   10.90;
10.01.2003 18:20 ;  1069.2;  1069.2;   10.90;
10.01.2003 18:25 ;  1069.2;  1069.2;   10.90;
10.01.2003 18:30 ;  1069.2;  1069.2;   10.90;
10.01.2003 18:35 ;  1069.2;  1069.2;   10.90;
10.01.2003 18:40 ;  1069.2;  1069.2;   10.90;
10.01.2003 18:45 ;  1069.2;  1069.2;   10.90;
10.01.2003 18:50 ;  1069.2;  1069.2;   10.90;
10.01.2003 18:55 ;  1069.2;  1069.2;   10.90;
10.01.2003 19:00 ;  1069.2;  1069.2;   10.90;
10.01.2003 19:05 ;  1069.2;  1069.2;   10.90;
10.01.2003 19:10 ;  1069.2;  1069.2;   10.90;
10.01.2003 19:15 ;  1069.2;  1069.2;   10.90;
10.01.2003 19:20 ;  1069.2;  1069.2;   10.90;
10.01.2003 19:25 ;  1069.2;  1069.2;   10.90;
10.01.2003 19:30 ;  1069.2;  1069.2;   10.90;
10.01.2003 19:35 ;  1069.2;  1069.2;   10.90;
10.01.2003 19:40 ;  1069.2;  1069.2;   10.90;
10.01.2003 19:45 ;  1069.2;  1069.2;   10.90;
10.01.2003 19:50 ;  1069.2;  1069.2;   10.90;
10.01.2003 19:55 ;  1069.2;  1069.2;   10.90;
10.01.2003 20:00 ;  1069.2;  1069.2;   10.90;
10.01.2003 20:05 ;  1069.2;  1069.2;   10.90;
10.01.2003 20:10 ;  1069.2;  1069.2;   10.90;
10.01.2003 20:15 ;  1069.2;  1069.2;   10.90;
10.01.2003 20:20 ;  1069.2;  1069.2;   10.90;
10.01.2003 20:25 ;  1069.2;  1069.2;   10.90;
10.01.2003 20:30 ;  1069.2;  1069.2;   10.90;
10.01.2003 20:35 ;  1069.2;  1069.2;   10.90;
10.01.2003 20:40 ;  1069.2;  1069.2;   10.90;
10.01.2003 20:45 ;  1069.2;  1069.2;   10.90;
10.01.2003 20:50 ;  1069.2;  1069.2;   10.90;
10.01.2003 20:55 ;  1069.2;  1069.2;   10.90;
10.01.2003 21:00 ;  1069.2;  1069.2;   10.90;
10.01.2003 21:05 ;  1069.2;  1069.2;   10.90;
10.01.2003 21:10 ;  1069.2;  1069.2;   10.90;
10.01.2003 21:15 ;  1069.2;  1069.2;   10.90;
10.01.2003 21:20 ;  1069.2;  1069.2;   10.90;
10.01.2003 21:25 ;  1069.2;  1069.2;   10.90;
10.01.2003 21:30 ;  1069.2;  1069.2;   10.90;
10.01.2003 21:35 ;  1069.2;  1069.2;   10.90;
10.01.2003 21:40 ;  1069.2;  1069.2;   10.90;
10.01.2003 21:45 ;  1069.2;  1069.2;   10.90;
10.01.2003 21:50 ;  1069.2;  1069.2;   10.90;
10.01.2003 21:55 ;  1069.2;  1069.2;   10.90;
10.01.2003 22:00 ;  1069.2;  1069.2;   10.90;
10.01.2003 22:05 ;  1069.2;  1069.2;   10.90;
10.01.2003 22:10 ;  1069.2;  1069.2;   10.90;
10.01.2003 22:15 ;  1069.2;  1069.2;   10.90;
10.01.2003 22:20 ;  1069.2;  1069.2;   10.90;
10.01.2003 22:25 ;  1069.2;  1069.2;   10.90;
10.01.2003 22:30 ;  1069.2;  1069.2;   10.90;
10.01.2003 22:35 ;  1069.2;  1069.2;   10.90;
10.01.2003 22:40 ;  1069.2;  1069.2;   10.90;
10.01.2003 22:45 ;  1069.2;  1069.2;   10.90;
10.01.2003 22:50 ;  1069.2;  1069.2;   10.90;
10.01.2003 22:55 ;  1069.2;  1069.2;   10.90;
10.01.2003 23:00 ;  1069.2;  1069.2;   10.90;
10.01.2003 23:05 ;  1069.2;  1069.2;   10.90;
10.01.2003 23:10 ;  1069.2;  1069.2;   10.90;
10.01.2003 23:15 ;  1069.2;  1069.2;   10.90;
10.01.2003 23:20 ;  1069.2;  1069.2;   10.90;
10.01.2003 23:25 ;  1069.2;  1069.2;   10.90;
10.01.2003 23:30 ;  1069.2;  1069.2;   10.90;
10.01.2003 23:35 ;  1069.2;  1069.2;   10.90;
10.01.2003 23:40 ;  1069.2;  1069.2;   10.90;
10.01.2003 23:45 ;  1069.2;  1069.2;   10.90;
10.01.2003 23:50 ;  1069.2;  1069.2;   10.90;
10.01.2003 23:55 ;  1069.2;  1069.2;   10.90;
11.01.2003 00:00 ;  1069.2;  1069.2;   10.90;
11.01.2003 00:05 ;  1069.2;  1069.2;   10.90;
11.01.2003 00:10 ;  1069.2;  1069.2;   10.90;
11.01.2003 00:15 ;  1069.2;  1069.2;   10.90;
11.01.2003 00:20 ;  1069.2;  1069.2;   10.90;
11.01.2003 00:25 ;  1069.2;  1069.2;   10.90;
11.01.2003 00:30 ;  1069.2;  1069.2;   10.90;
11.01.2003 00:35 ;  1069.2;  1069.2;   10.90;
11.01.2003 00:40 ;  1069.2;  1069.2;   10.90;
11.01.2003 00:45 ;  1069.2;  1069.2;   10.90;
11.01.2003 00:50 ;  1069.2;  1069.2;   10.90;
11.01.2003 00:55 ;  1069.2;  1069.2;   10.90;
11.01.2003 01:00 ;  1069.2;  1069.2;   10.90;
11.01.2003 01:05 ;  1069.2;  1069.2;   10.90;
11.01.2003 01:10 ;  1069.2;  1069.2;   10.90;
11.01.2003 01:15 ;  1069.2;  1069.2;   10.90;
11.01.2003 01:20 ;  1069.2;  1069.2;   10.90;
11.01.2003 01:25 ;  1069.2;  1069.2;   10.90;
11.01.2003 01:30 ;  1069.2;  1069.2;   10.90;
11.01.2003 01:35 ;  1069.2;  1069.2;   10.90;
11.01.2003 01:40 ;  1069.2;  1069.2;   10.90;
11.01.2003 01:45 ;  1069.2;  1069.2;   10.90;
11.01.2003 01:50 ;  1069.2;  1069.2;   10.90;
11.01.2003 01:55 ;  1069.2;  1069.2;   10.90;
11.01.2003 02:00 ;  1069.2;  1069.2;   10.90;
11.01.2003 02:05 ;  1069.2;  1069.2;   10.90;
11.01.2003 02:10 ;  1069.2;  1069.2;   10.90;
11.01.2003 02:15 ;  1069.2;  1069.2;   10.90;
11.01.2003 02:20 ;  1069.2;  1069.2;   10.90;
11.01.2003 02:25 ;  1069.2;  1069.2;   10.90;
11.01.2003 02:30 ;  1069.2;  1069.2;   10.90;
11.01.2003 02:35 ;  1069.2;  1069.2;   10.90;
11.01.2003 02:40 ;  1069.2;  1069.2;   10.90;
11.01.2003 02:45 ;  1069.2;  1069.2;   10.90;
11.01.2003 02:50 ;  1069.2;  1069.2;   10.90;
11.01.2003 02:55 ;  1069.2;  1069.2;   10.90;
11.01.2003 03:00 ;  1069.2;  1069.2;   10.90;
11.01.2003 03:05 ;  1069.2;  1069.2;   10.90;
11.01.2003 03:10 ;  1069.2;  1069.2;   10.90;
11.01.2003 03:15 ;  1069.2;  1069.2;   10.90;
11.01.2003 03:20 ;  1069.2;  1069.2;   10.90;
11.01.2003 03:25 ;  1069.2;  1069.2;   10.90;
11.01.2003 03:30 ;  1069.2;  1069.2;   10.90;
11.01.2003 03:35 ;  1069.2;  1069.2;   10.90;
11.01.2003 03:40 ;  1069.2;  1069.2;   10.90;
11.01.2003 03:45 ;  1069.2;  1069.2;   10.90;
11.01.2003 03:50 ;  1069.2;  1069.2;   10.90;
11.01.2003 03:55 ;  1069.2;  1069.2;   10.90;
11.01.2003 04:00 ;  1069.2;  1069.2;   10.90;
11.01.2003 04:05 ;  1069.2;  1069.2;   10.90;
11.01.2003 04:10 ;  1069.2;  1069.2;   10.90;
11.01.2003 04:15 ;  1069.2;  1069.2;   10.90;
11.01.2003 04:20 ;  1069.2;  1069.2;   10.90;
11.01.2003 04:25 ;  1069.2;  1069.2;   10.90;
11.01.2003 04:30 ;  1069.2;  1069.2;   10.90;
11.01.2003 04:35 ;  1069.2;  1069.2;   10.90;
11.01.2003 04:40 ;  1069.2;  1069.2;   10.90;
11.01.2003 04:45 ;  1069.2;  1069.2;   10.90;
11.01.2003 04:50 ;  1069.2;  1069.2;   10.90;
11.01.2003 04:55 ;  1069.2;  1069.2;   10.90;
11.01.2003 05:00 ;  1069.2;  1069.2;   10.90;
11.01.2003 05:05 ;  1069.2;  1069.2;   10.90;
11.01.2003 05:10 ;  1069.2;  1069.2;   10.90;
11.01.2003 05:15 ;  1069.2;  1069.2;   10.90;
11.01.2003 05:20 ;  1069.2;  1069.2;   10.90;
11.01.2003 05:25 ;  1069.2;  1069.2;   10.90;
11.01.2003 05:30 ;  1069.2;  1069.2;   10.90;
11.01.2003 05:35 ;  1069.2;  1069.2;   10.90;
11.01.2003 05:40 ;  1069.2;  1069.2;   10.90;
11.01.2003 05:45 ;  1069.2;  1069.2;   10.90;
11.01.2003 05:50 ;  1069.2;  1069.2;   10.90;
11.01.2003 05:55 ;  1069.2;  1069.2;   10.90;
11.01.2003 06:00 ;  1069.2;  1069.2;   10.90;
11.01.2003 06:05 ;  1069.2;  1069.2;   10.90;
11.01.2003 06:10 ;  1069.2;  1069.2;   10.90;
11.01.2003 06:15 ;  1069.2;  1069.2;   10.90;
11.01.2003 06:20 ;  1069.2;  1069.2;   10.90;
11.01.2003 06:25 ;  1069.2;  1069.2;   10.90;
11.01.2003 06:30 ;  1069.2;  1069.2;   10.90;
11.01.2003 06:35 ;  1069.2;  1069.2;   10.90;
11.01.2003 06:40 ;  1069.2;  1069.2;   10.90;
11.01.2003 06:45 ;  1069.2;  1069.2;   10.90;
11.01.2003 06:50 ;  1069.2;  1069.2;   10.90;
11.01.2003 06:55 ;  1069.2;  1069.2;   10.90;
11.01.2003 07:00 ;  1069.2;  1069.2;   10.90;
11.01.2003 07:05 ;  1069.2;  1069.2;   10.90;
11.01.2003 07:10 ;  1069.2;  1069.2;   10.90;
11.01.2003 07:15 ;  1069.2;  1069.2;   10.90;
11.01.2003 07:20 ;  1069.2;  1069.2;   10.90;
11.01.2003 07:25 ;  1069.2;  1069.2;   10.90;
11.01.2003 07:30 ;  1069.2;  1069.2;   10.90;
11.01.2003 07:35 ;  1069.2;  1069.2;   10.90;
11.01.2003 07:40 ;  1069.2;  1069.2;   10.90;
11.01.2003 07:45 ;  1069.2;  1069.2;   10.90;
11.01.2003 07:50 ;  1069.2;  1069.2;   10.90;
11.01.2003 07:55 ;  1069.2;  1069.2;   10.90;
11.01.2003 08:00 ;  1069.2;  1069.2;   10.90;
11.01.2003 08:05 ;  1069.2;  1069.2;   10.90;
11.01.2003 08:10 ;  1069.2;  1069.2;   10.90;
11.01.2003 08:15 ;  1069.2;  1069.2;   10.90;
11.01.2003 08:20 ;  1069.2;  1069.2;   10.90;
11.01.2003 08:25 ;  1069.2;  1069.2;   10.90;
11.01.2003 08:30 ;  1069.2;  1069.2;   10.90;
11.01.2003 08:35 ;  1069.2;  1069.2;   10.90;
11.01.2003 08:40 ;  1069.2;  1069.2;   10.90;
11.01.2003 08:45 ;  1069.2;  1069.2;   10.90;
11.01.2003 08:50 ;  1069.2;  1069.2;   10.90;
11.01.2003 08:55 ;  1069.2;  1069.2;   10.90;
11.01.2003 09:00 ;  1069.2;  1069.2;   10.90;
11.01.2003 09:05 ;  1069.2;  1069.2;   10.90;
11.01.2003 09:10 ;  1069.2;  1069.2;   10.90;
11.01.2003 09:15 ;  1069.2;  1069.2;   10.90;
11.01.2003 09:20 ;  1069.2;  1069.2;   10.90;
11.01.2003 09:25 ;  1069.2;  1069.2;   10.90;
11.01.2003 09:30 ;  1069.2;  1069.2;   10.90;
11.01.2003 09:35 ;  1069.2;  1069.2;   10.90;
11.01.2003 09:40 ;  1069.2;  1069.2;   10.90;
11.01.2003 09:45 ;  1069.2;  1069.2;   10.90;
11.01.2003 09:50 ;  1069.2;  1069.2;   10.90;
11.01.2003 09:55 ;  1069.2;  1069.2;   10.90;
11.01.2003 10:00 ;  1069.2;  1069.2;   10.90;
11.01.2003 10:05 ;  1069.2;  1069.2;   10.90;
11.01.2003 10:10 ;  1069.2;  1069.2;   10.90;
11.01.2003 10:15 ;  1069.2;  1069.2;   10.90;
11.01.2003 10:20 ;  1069.2;  1069.2;   10.90;
11.01.2003 10:25 ;  1069.2;  1069.2;   10.90;
11.01.2003 10:30 ;  1069.2;  1069.2;   10.90;
11.01.2003 10:35 ;  1069.2;  1069.2;   10.90;
11.01.2003 10:40 ;  1069.2;  1069.2;   10.90;
11.01.2003 10:45 ;  1069.2;  1069.2;   10.90;
11.01.2003 10:50 ;  1069.2;  1069.2;   10.90;
11.01.2003 10:55 ;  1069.2;  1069.2;   10.90;
11.01.2003 11:00 ;  1069.2;  1069.2;   10.90;
11.01.2003 11:05 ;  1069.2;  1069.2;   10.90;
11.01.2003 11:10 ;  1069.2;  1069.2;   10.90;
11.01.2003 11:15 ;  1069.2;  1069.2;   10.90;
11.01.2003 11:20 ;  1069.2;  1069.2;   10.90;
11.01.2003 11:25 ;  1069.2;  1069.2;   10.90;
11.01.2003 11:30 ;  1069.2;  1069.2;   10.90;
11.01.2003 11:35 ;  1069.2;  1069.2;   10.90;
11.01.2003 11:40 ;  1069.2;  1069.2;   10.90;
11.01.2003 11:45 ;  1069.2;  1069.2;   10.90;
11.01.2003 11:50 ;  1069.2;  1069.2;   10.90;
11.01.2003 11:55 ;  1069.2;  1069.2;   10.90;
11.01.2003 12:00 ;  1069.2;  1069.2;   10.90;
11.01.2003 12:05 ;  1069.2;  1069.2;   10.90;
11.01.2003 12:10 ;  1069.2;  1069.2;   10.90;
11.01.2003 12:15 ;  1069.2;  1069.2;   10.90;
11.01.2003 12:20 ;  1069.2;  1069.2;   10.90;
11.01.2003 12:25 ;  1069.2;  1069.2;   10.90;
11.01.2003 12:30 ;  1069.2;  1069.2;   10.90;
11.01.2003 12:35 ;  1069.2;  1069.2;   10.90;
11.01.2003 12:40 ;  1069.2;  1069.2;   10.90;
11.01.2003 12:45 ;  1069.2;  1069.2;   10.90;
11.01.2003 12:50 ;  1069.2;  1069.2;   10.90;
11.01.2003 12:55 ;  1069.2;  1069.2;   10.90;
11.01.2003 13:00 ;  1069.2;  1069.2;   10.90;
11.01.2003 13:05 ;  1069.2;  1069.2;   10.90;
11.01.2003 13:10 ;  1069.2;  1069.2;   10.90;
11.01.2003 13:15 ;  1069.2;  1069.2;   10.90;
11.01.2003 13:20 ;  1069.2;  1069.2;   10.90;
11.01.2003 13:25 ;  1069.2;  1069.2;   10.90;
11.01.2003 13:30 ;  1069.2;  1069.2;   10.90;
11.01.2003 13:35 ;  1069.2;  1069.2;   10.90;
11.01.2003 13:40 ;  1069.2;  1069.2;   10.90;
11.01.2003 13:45 ;  1069.2;  1069.2;   10.90;
11.01.2003 13:50 ;  1069.2;  1069.2;   10.90;
11.01.2003 13:55 ;  1069.2;  1069.2;   10.90;
11.01.2003 14:00 ;  1069.2;  1069.2;   10.90;
11.01.2003 14:05 ;  1069.2;  1069.2;   10.90;
11.01.2003 14:10 ;  1069.2;  1069.2;   10.90;
11.01.2003 14:15 ;  1069.2;  1069.2;   10.90;
11.01.2003 14:20 ;  1069.2;  1069.2;   10.90;
11.01.2003 14:25 ;  1069.2;  1069.2;   10.90;
11.01.2003 14:30 ;  1069.2;  1069.2;   10.90;
11.01.2003 14:35 ;  1069.2;  1069.2;   10.90;
11.01.2003 14:40 ;  1069.2;  1069.2;   10.90;
11.01.2003 14:45 ;  1069.2;  1069.2;   10.90;
11.01.2003 14:50 ;  1069.2;  1069.2;   10.90;
11.01.2003 14:55 ;  1069.2;  1069.2;   10.90;
11.01.2003 15:00 ;  1069.2;  1069.2;   10.90;
11.01.2003 15:05 ;  1069.2;  1069.2;   10.90;
11.01.2003 15:10 ;  1069.2;  1069.2;   10.90;
11.01.2003 15:15 ;  1069.2;  1069.2;   10.90;
11.01.2003 15:20 ;  1069.2;  1069.2;   10.90;
11.01.2003 15:25 ;  1069.2;  1069.2;   10.90;
11.01.2003 15:30 ;  1069.2;  1069.2;   10.90;
11.01.2003 15:35 ;  1069.2;  1069.2;   10.90;
11.01.2003 15:40 ;  1069.2;  1069.2;   10.90;
11.01.2003 15:45 ;  1069.2;  1069.2;   10.90;
11.01.2003 15:50 ;  1069.2;  1069.2;   10.90;
11.01.2003 15:55 ;  1069.2;  1069.2;   10.90;
11.01.2003 16:00 ;  1069.2;  1069.2;   10.90;
11.01.2003 16:05 ;  1069.2;  1069.2;   10.90;
11.01.2003 16:10 ;  1069.2;  1069.2;   10.90;
11.01.2003 16:15 ;  1069.2;  1069.2;   10.90;
11.01.2003 16:20 ;  1069.2;  1069.2;   10.90;
11.01.2003 16:25 ;  1069.2;  1069.2;   10.90;
11.01.2003 16:30 ;  1069.2;  1069.2;   10.90;
11.01.2003 16:35 ;  1069.2;  1069.2;   10.90;
11.01.2003 16:40 ;  1069.2;  1069.2;   10.90;
11.01.2003 16:45 ;  1069.2;  1069.2;   10.90;
11.01.2003 16:50 ;  1069.2;  1069.2;   10.90;
11.01.2003 16:55 ;  1069.2;  1069.2;   10.90;
11.01.2003 17:00 ;  1069.2;  1069.2;   10.90;
11.01.2003 17:05 ;  1069.2;  1069.2;   10.90;
11.01.2003 17:10 ;  1069.2;  1069.2;   10.90;
11.01.2003 17:15 ;  1069.2;  1069.2;   10.90;
11.01.2003 17:20 ;  1069.2;  1069.2;   10.90;
11.01.2003 17:25 ;  1069.2;  1069.2;   10.90;
11.01.2003 17:30 ;  1069.2;  1069.2;   10.90;
11.01.2003 17:35 ;  1069.2;  1069.2;   10.90;
11.01.2003 17:40 ;  1069.2;  1069.2;   10.90;
11.01.2003 17:45 ;  1069.2;  1069.2;   10.90;
11.01.2003 17:50 ;  1069.2;  1069.2;   10.90;
11.01.2003 17:55 ;  1069.2;  1069.2;   10.90;
11.01.2003 18:00 ;  1069.2;  1069.2;   10.90;
11.01.2003 18:05 ;  1069.2;  1069.2;   10.90;
11.01.2003 18:10 ;  1069.2;  1069.2;   10.90;
11.01.2003 18:15 ;  1069.2;  1069.2;   10.90;
11.01.2003 18:20 ;  1069.2;  1069.2;   10.90;
11.01.2003 18:25 ;  1069.2;  1069.2;   10.90;
11.01.2003 18:30 ;  1069.2;  1069.2;   10.90;
11.01.2003 18:35 ;  1069.2;  1069.2;   10.90;
11.01.2003 18:40 ;  1069.2;  1069.2;   10.90;
11.01.2003 18:45 ;  1069.2;  1069.2;   10.90;
11.01.2003 18:50 ;  1069.2;  1069.2;   10.90;
11.01.2003 18:55 ;  1069.2;  1069.2;   10.90;
11.01.2003 19:00 ;  1069.2;  1069.2;   10.90;
11.01.2003 19:05 ;  1069.2;  1069.2;   10.90;
11.01.2003 19:10 ;  1069.2;  1069.2;   10.90;
11.01.2003 19:15 ;  1069.2;  1069.2;   10.90;
11.01.2003 19:20 ;  1069.2;  1069.2;   10.90;
11.01.2003 19:25 ;  1069.2;  1069.2;   10.90;
11.01.2003 19:30 ;  1069.2;  1069.2;   10.90;
11.01.2003 19:35 ;  1069.2;  1069.2;   10.90;
11.01.2003 19:40 ;  1069.2;  1069.2;   10.90;
11.01.2003 19:45 ;  1069.2;  1069.2;   10.90;
11.01.2003 19:50 ;  1069.2;  1069.2;   10.90;
11.01.2003 19:55 ;  1069.2;  1069.2;   10.90;
11.01.2003 20:00 ;  1069.2;  1069.2;   10.90;
11.01.2003 20:05 ;  1069.2;  1069.2;   10.90;
11.01.2003 20:10 ;  1069.2;  1069.2;   10.90;
11.01.2003 20:15 ;  1069.2;  1069.2;   10.90;
11.01.2003 20:20 ;  1069.2;  1069.2;   10.90;
11.01.2003 20:25 ;  1069.2;  1069.2;   10.90;
11.01.2003 20:30 ;  1069.2;  1069.2;   10.90;
11.01.2003 20:35 ;  1069.2;  1069.2;   10.90;
11.01.2003 20:40 ;  1069.2;  1069.2;   10.90;
11.01.2003 20:45 ;  1069.2;  1069.2;   10.90;
11.01.2003 20:50 ;  1069.2;  1069.2;   10.90;
11.01.2003 20:55 ;  1069.2;  1069.2;   10.90;
11.01.2003 21:00 ;  1069.2;  1069.2;   10.90;
11.01.2003 21:05 ;  1069.2;  1069.2;   10.90;
11.01.2003 21:10 ;  1069.2;  1069.2;   10.90;
11.01.2003 21:15 ;  1069.2;  1069.2;   10.90;
11.01.2003 21:20 ;  1069.2;  1069.2;   10.90;
11.01.2003 21:25 ;  1069.2;  1069.2;   10.90;
11.01.2003 21:30 ;  1069.2;  1069.2;   10.90;
11.01.2003 21:35 ;  1069.2;  1069.2;   10.90;
11.01.2003 21:40 ;  1069.2;  1069.2;   10.90;
11.01.2003 21:45 ;  1069.2;  1069.2;   10.90;
11.01.2003 21:50 ;  1069.2;  1069.2;   10.90;
11.01.2003 21:55 ;  1069.2;  1069.2;   10.90;
11.01.2003 22:00 ;  1069.2;  1069.2;   10.90;
11.01.2003 22:05 ;  1069.2;  1069.2;   10.90;
11.01.2003 22:10 ;  1069.2;  1069.2;   10.90;
11.01.2003 22:15 ;  1069.2;  1069.2;   10.90;
11.01.2003 22:20 ;  1069.2;  1069.2;   10.90;
11.01.2003 22:25 ;  1069.2;  1069.2;   10.90;
11.01.2003 22:30 ;  1069.2;  1069.2;   10.90;
11.01.2003 22:35 ;  1069.2;  1069.2;   10.90;
11.01.2003 22:40 ;  1069.2;  1069.2;   10.90;
11.01.2003 22:45 ;  1069.2;  1069.2;   10.90;
11.01.2003 22:50 ;  1069.2;  1069.2;   10.90;
11.01.2003 22:55 ;  1069.2;  1069.2;   10.90;
11.01.2003 23:00 ;  1069.2;  1069.2;   10.90;
11.01.2003 23:05 ;  1069.2;  1069.2;   10.90;
11.01.2003 23:10 ;  1069.2;  1069.2;   10.90;
11.01.2003 23:15 ;  1069.2;  1069.2;   10.90;
11.01.2003 23:20 ;  1069.2;  1069.2;   10.90;
11.01.2003 23:25 ;  1069.2;  1069.2;   10.90;
11.01.2003 23:30 ;  1069.2;  1069.2;   10.90;
11.01.2003 23:35 ;  1069.2;  1069.2;   10.90;
11.01.2003 23:40 ;  1069.2;  1069.2;   10.90;
11.01.2003 23:45 ;  1069.2;  1069.2;   10.90;
11.01.2003 23:50 ;  1069.2;  1069.2;   10.90;
11.01.2003 23:55 ;  1069.2;  1069.2;   10.90;
12.01.2003 00:00 ;  1069.2;  1069.2;   10.90;
12.01.2003 00:05 ;  1069.2;  1069.2;   10.90;
12.01.2003 00:10 ;  1069.2;  1069.2;   10.90;
12.01.2003 00:15 ;  1069.2;  1069.2;   10.90;
12.01.2003 00:20 ;  1069.2;  1069.2;   10.90;
12.01.2003 00:25 ;  1069.2;  1069.2;   10.90;
12.01.2003 00:30 ;  1069.2;  1069.2;   10.90;
12.01.2003 00:35 ;  1069.2;  1069.2;   10.90;
12.01.2003 00:40 ;  1069.2;  1069.2;   10.90;
12.01.2003 00:45 ;  1069.2;  1069.2;   10.90;
12.01.2003 00:50 ;  1069.2;  1069.2;   10.90;
12.01.2003 00:55 ;  1069.2;  1069.2;   10.90;
12.01.2003 01:00 ;  1069.2;  1069.2;   10.90;
12.01.2003 01:05 ;  1069.2;  1069.2;   10.90;
12.01.2003 01:10 ;  1069.2;  1069.2;   10.90;
12.01.2003 01:15 ;  1069.2;  1069.2;   10.90;
12.01.2003 01:20 ;  1069.2;  1069.2;   10.90;
12.01.2003 01:25 ;  1069.2;  1069.2;   10.90;
12.01.2003 01:30 ;  1069.2;  1069.2;   10.90;
12.01.2003 01:35 ;  1069.2;  1069.2;   10.90;
12.01.2003 01:40 ;  1069.2;  1069.2;   10.90;
12.01.2003 01:45 ;  1069.2;  1069.2;   10.90;
12.01.2003 01:50 ;  1069.2;  1069.2;   10.90;
12.01.2003 01:55 ;  1069.2;  1069.2;   10.90;
12.01.2003 02:00 ;  1069.2;  1069.2;   10.90;
12.01.2003 02:05 ;  1069.2;  1069.2;   10.90;
12.01.2003 02:10 ;  1069.2;  1069.2;   10.90;
12.01.2003 02:15 ;  1069.2;  1069.2;   10.90;
12.01.2003 02:20 ;  1069.2;  1069.2;   10.90;
12.01.2003 02:25 ;  1069.2;  1069.2;   10.90;
12.01.2003 02:30 ;  1069.2;  1069.2;   10.90;
12.01.2003 02:35 ;  1069.2;  1069.2;   10.90;
12.01.2003 02:40 ;  1069.2;  1069.2;   10.90;
12.01.2003 02:45 ;  1069.2;  1069.2;   10.90;
12.01.2003 02:50 ;  1069.2;  1069.2;   10.90;
12.01.2003 02:55 ;  1069.2;  1069.2;   10.90;
12.01.2003 03:00 ;  1069.2;  1069.2;   10.90;
12.01.2003 03:05 ;  1069.2;  1069.2;   10.90;
12.01.2003 03:10 ;  1069.2;  1069.2;   10.90;
12.01.2003 03:15 ;  1069.2;  1069.2;   10.90;
12.01.2003 03:20 ;  1069.2;  1069.2;   10.90;
12.01.2003 03:25 ;  1069.2;  1069.2;   10.90;
12.01.2003 03:30 ;  1069.2;  1069.2;   10.90;
12.01.2003 03:35 ;  1069.2;  1069.2;   10.90;
12.01.2003 03:40 ;  1069.2;  1069.2;   10.90;
12.01.2003 03:45 ;  1069.2;  1069.2;   10.90;
12.01.2003 03:50 ;  1069.2;  1069.2;   10.90;
12.01.2003 03:55 ;  1069.2;  1069.2;   10.90;
12.01.2003 04:00 ;  1069.2;  1069.2;   10.90;
12.01.2003 04:05 ;  1069.2;  1069.2;   10.90;
12.01.2003 04:10 ;  1069.2;  1069.2;   10.90;
12.01.2003 04:15 ;  1069.2;  1069.2;   10.90;
12.01.2003 04:20 ;  1069.2;  1069.2;   10.90;
12.01.2003 04:25 ;  1069.2;  1069.2;   10.90;
12.01.2003 04:30 ;  1069.2;  1069.2;   10.90;
12.01.2003 04:35 ;  1069.2;  1069.2;   10.90;
12.01.2003 04:40 ;  1069.2;  1069.2;   10.90;
12.01.2003 04:45 ;  1069.2;  1069.2;   10.90;
12.01.2003 04:50 ;  1069.2;  1069.2;   10.90;
12.01.2003 04:55 ;  1069.2;  1069.2;   10.90;
12.01.2003 05:00 ;  1069.2;  1069.2;   10.90;
12.01.2003 05:05 ;  1069.2;  1069.2;   10.90;
12.01.2003 05:10 ;  1069.2;  1069.2;   10.90;
12.01.2003 05:15 ;  1069.2;  1069.2;   10.90;
12.01.2003 05:20 ;  1069.2;  1069.2;   10.90;
12.01.2003 05:25 ;  1069.2;  1069.2;   10.90;
12.01.2003 05:30 ;  1069.2;  1069.2;   10.90;
12.01.2003 05:35 ;  1069.2;  1069.2;   10.90;
12.01.2003 05:40 ;  1069.2;  1069.2;   10.90;
12.01.2003 05:45 ;  1069.2;  1069.2;   10.90;
12.01.2003 05:50 ;  1069.2;  1069.2;   10.90;
12.01.2003 05:55 ;  1069.2;  1069.2;   10.90;
12.01.2003 06:00 ;  1069.2;  1069.2;   10.90;
12.01.2003 06:05 ;  1069.2;  1069.2;   10.90;
12.01.2003 06:10 ;  1069.2;  1069.2;   10.90;
12.01.2003 06:15 ;  1069.2;  1069.2;   10.90;
12.01.2003 06:20 ;  1069.2;  1069.2;   10.90;
12.01.2003 06:25 ;  1069.2;  1069.2;   10.90;
12.01.2003 06:30 ;  1069.2;  1069.2;   10.90;
12.01.2003 06:35 ;  1069.2;  1069.2;   10.90;
12.01.2003 06:40 ;  1069.2;  1069.2;   10.90;
12.01.2003 06:45 ;  1069.2;  1069.2;   10.90;
12.01.2003 06:50 ;  1069.2;  1069.2;   10.90;
12.01.2003 06:55 ;  1069.2;  1069.2;   10.90;
12.01.2003 07:00 ;  1069.2;  1069.2;   10.90;
12.01.2003 07:05 ;  1069.2;  1069.2;   10.90;
12.01.2003 07:10 ;  1069.2;  1069.2;   10.90;
12.01.2003 07:15 ;  1069.2;  1069.2;   10.90;
12.01.2003 07:20 ;  1069.2;  1069.2;   10.90;
12.01.2003 07:25 ;  1069.2;  1069.2;   10.90;
12.01.2003 07:30 ;  1069.2;  1069.2;   10.90;
12.01.2003 07:35 ;  1069.2;  1069.2;   10.90;
12.01.2003 07:40 ;  1069.2;  1069.2;   10.90;
12.01.2003 07:45 ;  1069.2;  1069.2;   10.90;
12.01.2003 07:50 ;  1069.2;  1069.2;   10.90;
12.01.2003 07:55 ;  1069.2;  1069.2;   10.90;
12.01.2003 08:00 ;  1069.2;  1069.2;   10.90;
12.01.2003 08:05 ;  1069.2;  1069.2;   10.90;
12.01.2003 08:10 ;  1069.2;  1069.2;   10.90;
12.01.2003 08:15 ;  1069.2;  1069.2;   10.90;
12.01.2003 08:20 ;  1069.2;  1069.2;   10.90;
12.01.2003 08:25 ;  1069.2;  1069.2;   10.90;
12.01.2003 08:30 ;  1069.2;  1069.2;   10.90;
12.01.2003 08:35 ;  1069.2;  1069.2;   10.90;
12.01.2003 08:40 ;  1069.2;  1069.2;   10.90;
12.01.2003 08:45 ;  1069.2;  1069.2;   10.90;
12.01.2003 08:50 ;  1069.2;  1069.2;   10.90;
12.01.2003 08:55 ;  1069.2;  1069.2;   10.90;
12.01.2003 09:00 ;  1069.2;  1069.2;   10.90;
12.01.2003 09:05 ;  1069.2;  1069.2;   10.90;
12.01.2003 09:10 ;  1069.2;  1069.2;   10.90;
12.01.2003 09:15 ;  1069.2;  1069.2;   10.90;
12.01.2003 09:20 ;  1069.2;  1069.2;   10.90;
12.01.2003 09:25 ;  1069.2;  1069.2;   10.90;
12.01.2003 09:30 ;  1069.2;  1069.2;   10.90;
12.01.2003 09:35 ;  1069.2;  1069.2;   10.90;
12.01.2003 09:40 ;  1069.2;  1069.2;   10.90;
12.01.2003 09:45 ;  1069.2;  1069.2;   10.90;
12.01.2003 09:50 ;  1069.2;  1069.2;   10.90;
12.01.2003 09:55 ;  1069.2;  1069.2;   10.90;
12.01.2003 10:00 ;  1069.2;  1069.2;   10.90;
12.01.2003 10:05 ;  1069.2;  1069.2;   10.90;
12.01.2003 10:10 ;  1069.2;  1069.2;   10.90;
12.01.2003 10:15 ;  1069.2;  1069.2;   10.90;
12.01.2003 10:20 ;  1069.2;  1069.2;   10.90;
12.01.2003 10:25 ;  1069.2;  1069.2;   10.90;
12.01.2003 10:30 ;  1069.2;  1069.2;   10.90;
12.01.2003 10:35 ;  1069.2;  1069.2;   10.90;
12.01.2003 10:40 ;  1069.2;  1069.2;   10.90;
12.01.2003 10:45 ;  1069.2;  1069.2;   10.90;
12.01.2003 10:50 ;  1069.2;  1069.2;   10.90;
12.01.2003 10:55 ;  1069.2;  1069.2;   10.90;
12.01.2003 11:00 ;  1069.2;  1069.2;   10.90;
12.01.2003 11:05 ;  1069.2;  1069.2;   10.90;
12.01.2003 11:10 ;  1069.2;  1069.2;   10.90;
12.01.2003 11:15 ;  1069.2;  1069.2;   10.90;
12.01.2003 11:20 ;  1069.2;  1069.2;   10.90;
12.01.2003 11:25 ;  1069.2;  1069.2;   10.90;
12.01.2003 11:30 ;  1069.2;  1069.2;   10.90;
12.01.2003 11:35 ;  1069.2;  1069.2;   10.90;
12.01.2003 11:40 ;  1069.2;  1069.2;   10.90;
12.01.2003 11:45 ;  1069.2;  1069.2;   10.90;
12.01.2003 11:50 ;  1069.2;  1069.2;   10.90;
12.01.2003 11:55 ;  1069.2;  1069.2;   10.90;
12.01.2003 12:00 ;  1069.2;  1069.2;   10.90;
12.01.2003 12:05 ;  1069.2;  1069.2;   10.90;
12.01.2003 12:10 ;  1069.2;  1069.2;   10.90;
12.01.2003 12:15 ;  1069.2;  1069.2;   10.90;
12.01.2003 12:20 ;  1069.2;  1069.2;   10.90;
12.01.2003 12:25 ;  1069.2;  1069.2;   10.90;
12.01.2003 12:30 ;  1069.2;  1069.2;   10.90;
12.01.2003 12:35 ;  1069.2;  1069.2;   10.90;
12.01.2003 12:40 ;  1069.2;  1069.2;   10.90;
12.01.2003 12:45 ;  1069.2;  1069.2;   10.90;
12.01.2003 12:50 ;  1069.2;  1069.2;   10.90;
12.01.2003 12:55 ;  1069.2;  1069.2;   10.90;
12.01.2003 13:00 ;  1069.2;  1069.2;   10.90;
12.01.2003 13:05 ;  1069.2;  1069.2;   10.90;
12.01.2003 13:10 ;  1069.2;  1069.2;   10.90;
12.01.2003 13:15 ;  1069.2;  1069.2;   10.90;
12.01.2003 13:20 ;  1069.2;  1069.2;   10.90;
12.01.2003 13:25 ;  1069.2;  1069.2;   10.90;
12.01.2003 13:30 ;  1069.2;  1069.2;   10.90;
12.01.2003 13:35 ;  1069.2;  1069.2;   10.90;
12.01.2003 13:40 ;  1069.2;  1069.2;   10.90;
12.01.2003 13:45 ;  1069.2;  1069.2;   10.90;
12.01.2003 13:50 ;  1069.2;  1069.2;   10.90;
12.01.2003 13:55 ;  1069.2;  1069.2;   10.90;
12.01.2003 14:00 ;  1069.2;  1069.2;   10.90;
12.01.2003 14:05 ;  1069.2;  1069.2;   10.90;
12.01.2003 14:10 ;  1069.2;  1069.2;   10.90;
12.01.2003 14:15 ;  1069.2;  1069.2;   10.90;
12.01.2003 14:20 ;  1069.2;  1069.2;   10.90;
12.01.2003 14:25 ;  1069.2;  1069.2;   10.90;
12.01.2003 14:30 ;  1069.2;  1069.2;   10.90;
12.01.2003 14:35 ;  1069.2;  1069.2;   10.90;
12.01.2003 14:40 ;  1069.2;  1069.2;   10.90;
12.01.2003 14:45 ;  1069.2;  1069.2;   10.90;
12.01.2003 14:50 ;  1069.2;  1069.2;   10.90;
12.01.2003 14:55 ;  1069.2;  1069.2;   10.90;
12.01.2003 15:00 ;  1069.2;  1069.2;   10.90;
12.01.2003 15:05 ;  1069.2;  1069.2;   10.90;
12.01.2003 15:10 ;  1069.2;  1069.2;   10.90;
12.01.2003 15:15 ;  1069.2;  1069.2;   10.90;
12.01.2003 15:20 ;  1069.2;  1069.2;   10.90;
12.01.2003 15:25 ;  1069.2;  1069.2;   10.90;
12.01.2003 15:30 ;  1069.2;  1069.2;   10.90;
12.01.2003 15:35 ;  1069.2;  1069.2;   10.90;
12.01.2003 15:40 ;  1069.2;  1069.2;   10.90;
12.01.2003 15:45 ;  1069.2;  1069.2;   10.90;
12.01.2003 15:50 ;  1069.2;  1069.2;   10.90;
12.01.2003 15:55 ;  1069.2;  1069.2;   10.90;
12.01.2003 16:00 ;  1069.2;  1069.2;   10.90;
12.01.2003 16:05 ;  1069.2;  1069.2;   10.90;
12.01.2003 16:10 ;  1069.2;  1069.2;   10.90;
12.01.2003 16:15 ;  1069.2;  1069.2;   10.90;
12.01.2003 16:20 ;  1069.2;  1069.2;   10.90;
12.01.2003 16:25 ;  1069.2;  1069.2;   10.90;
12.01.2003 16:30 ;  1069.2;  1069.2;   10.90;
12.01.2003 16:35 ;  1069.2;  1069.2;   10.90;
12.01.2003 16:40 ;  1069.2;  1069.2;   10.90;
12.01.2003 16:45 ;  1069.2;  1069.2;   10.90;
12.01.2003 16:50 ;  1069.2;  1069.2;   10.90;
12.01.2003 16:55 ;  1069.2;  1069.2;   10.90;
12.01.2003 17:00 ;  1069.2;  1069.2;   10.90;
12.01.2003 17:05 ;  1069.2;  1069.2;   10.90;
12.01.2003 17:10 ;  1069.2;  1069.2;   10.90;
12.01.2003 17:15 ;  1069.2;  1069.2;   10.90;
12.01.2003 17:20 ;  1069.2;  1069.2;   10.90;
12.01.2003 17:25 ;  1069.2;  1069.2;   10.90;
12.01.2003 17:30 ;  1069.2;  1069.2;   10.90;
12.01.2003 17:35 ;  1069.2;  1069.2;   10.90;
12.01.2003 17:40 ;  1069.2;  1069.2;   10.90;
12.01.2003 17:45 ;  1069.2;  1069.2;   10.90;
12.01.2003 17:50 ;  1069.2;  1069.2;   10.90;
12.01.2003 17:55 ;  1069.2;  1069.2;   10.90;
12.01.2003 18:00 ;  1069.2;  1069.2;   10.90;
12.01.2003 18:05 ;  1069.2;  1069.2;   10.90;
12.01.2003 18:10 ;  1069.2;  1069.2;   10.90;
12.01.2003 18:15 ;  1069.2;  1069.2;   10.90;
12.01.2003 18:20 ;  1069.2;  1069.2;   10.90;
12.01.2003 18:25 ;  1069.2;  1069.2;   10.90;
12.01.2003 18:30 ;  1069.2;  1069.2;   10.90;
12.01.2003 18:35 ;  1069.2;  1069.2;   10.90;
12.01.2003 18:40 ;  1069.2;  1069.2;   10.90;
12.01.2003 18:45 ;  1069.2;  1069.2;   10.90;
12.01.2003 18:50 ;  1069.2;  1069.2;   10.90;
12.01.2003 18:55 ;  1069.2;  1069.2;   10.90;
12.01.2003 19:00 ;  1069.2;  1069.2;   10.90;
12.01.2003 19:05 ;  1069.2;  1069.2;   10.90;
12.01.2003 19:10 ;  1069.2;  1069.2;   10.90;
12.01.2003 19:15 ;  1069.2;  1069.2;   10.90;
12.01.2003 19:20 ;  1069.2;  1069.2;   10.90;
12.01.2003 19:25 ;  1069.2;  1069.2;   10.90;
12.01.2003 19:30 ;  1069.2;  1069.2;   10.90;
12.01.2003 19:35 ;  1069.2;  1069.2;   10.90;
12.01.2003 19:40 ;  1069.2;  1069.2;   10.90;
12.01.2003 19:45 ;  1069.2;  1069.2;   10.90;
12.01.2003 19:50 ;  1069.2;  1069.2;   10.90;
12.01.2003 19:55 ;  1069.2;  1069.2;   10.90;
12.01.2003 20:00 ;  1069.2;  1069.2;   10.90;
12.01.2003 20:05 ;  1069.2;  1069.2;   10.90;
12.01.2003 20:10 ;  1069.2;  1069.2;   10.90;
12.01.2003 20:15 ;  1069.2;  1069.2;   10.90;
12.01.2003 20:20 ;  1069.2;  1069.2;   10.90;
12.01.2003 20:25 ;  1069.2;  1069.2;   10.90;
12.01.2003 20:30 ;  1069.2;  1069.2;   10.90;
12.01.2003 20:35 ;  1069.2;  1069.2;   10.90;
12.01.2003 20:40 ;  1069.2;  1069.2;   10.90;
12.01.2003 20:45 ;  1069.2;  1069.2;   10.90;
12.01.2003 20:50 ;  1069.2;  1069.2;   10.90;
12.01.2003 20:55 ;  1069.2;  1069.2;   10.90;
12.01.2003 21:00 ;  1069.2;  1069.2;   10.90;
12.01.2003 21:05 ;  1069.2;  1069.2;   10.90;
12.01.2003 21:10 ;  1069.2;  1069.2;   10.90;
12.01.2003 21:15 ;  1069.2;  1069.2;   10.90;
12.01.2003 21:20 ;  1069.2;  1069.2;   10.90;
12.01.2003 21:25 ;  1069.2;  1069.2;   10.90;
12.01.2003 21:30 ;  1069.2;  1069.2;   10.90;
12.01.2003 21:35 ;  1069.2;  1069.2;   10.90;
12.01.2003 21:40 ;  1069.2;  1069.2;   10.90;
12.01.2003 21:45 ;  1069.2;  1069.2;   10.90;
12.01.2003 21:50 ;  1069.2;  1069.2;   10.90;
12.01.2003 21:55 ;  1069.2;  1069.2;   10.90;
12.01.2003 22:00 ;  1069.2;  1069.2;   10.90;
12.01.2003 22:05 ;  1069.2;  1069.2;   10.90;
12.01.2003 22:10 ;  1069.2;  1069.2;   10.90;
12.01.2003 22:15 ;  1069.2;  1069.2;   10.90;
12.01.2003 22:20 ;  1069.2;  1069.2;   10.90;
12.01.2003 22:25 ;  1069.2;  1069.2;   10.90;
12.01.2003 22:30 ;  1069.2;  1069.2;   10.90;
12.01.2003 22:35 ;  1069.2;  1069.2;   10.90;
12.01.2003 22:40 ;  1069.2;  1069.2;   10.90;
12.01.2003 22:45 ;  1069.2;  1069.2;   10.90;
12.01.2003 22:50 ;  1069.2;  1069.2;   10.90;
12.01.2003 22:55 ;  1069.2;  1069.2;   10.90;
12.01.2003 23:00 ;  1069.2;  1069.2;   10.90;
12.01.2003 23:05 ;  1069.2;  1069.2;   10.90;
12.01.2003 23:10 ;  1069.2;  1069.2;   10.90;
12.01.2003 23:15 ;  1069.2;  1069.2;   10.90;
12.01.2003 23:20 ;  1069.2;  1069.2;   10.90;
12.01.2003 23:25 ;  1069.2;  1069.2;   10.90;
12.01.2003 23:30 ;  1069.2;  1069.2;   10.90;
12.01.2003 23:35 ;  1069.2;  1069.2;   10.90;
12.01.2003 23:40 ;  1069.2;  1069.2;   10.90;
12.01.2003 23:45 ;  1069.2;  1069.2;   10.90;
12.01.2003 23:50 ;  1069.2;  1069.2;   10.90;
12.01.2003 23:55 ;  1069.2;  1069.2;   10.90;
13.01.2003 00:00 ;  1069.2;  1069.2;   10.90;
13.01.2003 00:05 ;  1069.2;  1069.2;   10.90;
13.01.2003 00:10 ;  1069.2;  1069.2;   10.90;
13.01.2003 00:15 ;  1069.2;  1069.2;   10.90;
13.01.2003 00:20 ;  1069.2;  1069.2;   10.90;
13.01.2003 00:25 ;  1069.2;  1069.2;   10.90;
13.01.2003 00:30 ;  1069.2;  1069.2;   10.90;
13.01.2003 00:35 ;  1069.2;  1069.2;   10.90;
13.01.2003 00:40 ;  1069.2;  1069.2;   10.90;
13.01.2003 00:45 ;  1069.2;  1069.2;   10.90;
13.01.2003 00:50 ;  1069.2;  1069.2;   10.90;
13.01.2003 00:55 ;  1069.2;  1069.2;   10.90;
13.01.2003 01:00 ;  1069.2;  1069.2;   10.90;
13.01.2003 01:05 ;  1069.2;  1069.2;   10.90;
13.01.2003 01:10 ;  1069.2;  1069.2;   10.90;
13.01.2003 01:15 ;  1069.2;  1069.2;   10.90;
13.01.2003 01:20 ;  1069.2;  1069.2;   10.90;
13.01.2003 01:25 ;  1069.2;  1069.2;   10.90;
13.01.2003 01:30 ;  1069.2;  1069.2;   10.90;
13.01.2003 01:35 ;  1069.2;  1069.2;   10.90;
13.01.2003 01:40 ;  1069.2;  1069.2;   10.90;
13.01.2003 01:45 ;  1069.2;  1069.2;   10.90;
13.01.2003 01:50 ;  1069.2;  1069.2;   10.90;
13.01.2003 01:55 ;  1069.2;  1069.2;   10.90;
13.01.2003 02:00 ;  1069.2;  1069.2;   10.90;
13.01.2003 02:05 ;  1069.2;  1069.2;   10.90;
13.01.2003 02:10 ;  1069.2;  1069.2;   10.90;
13.01.2003 02:15 ;  1069.2;  1069.2;   10.90;
13.01.2003 02:20 ;  1069.2;  1069.2;   10.90;
13.01.2003 02:25 ;  1069.2;  1069.2;   10.90;
13.01.2003 02:30 ;  1069.2;  1069.2;   10.90;
13.01.2003 02:35 ;  1069.2;  1069.2;   10.90;
13.01.2003 02:40 ;  1069.2;  1069.2;   10.90;
13.01.2003 02:45 ;  1069.2;  1069.2;   10.90;
13.01.2003 02:50 ;  1069.2;  1069.2;   10.90;
13.01.2003 02:55 ;  1069.2;  1069.2;   10.90;
13.01.2003 03:00 ;  1069.2;  1069.2;   10.90;
13.01.2003 03:05 ;  1069.2;  1069.2;   10.90;
13.01.2003 03:10 ;  1069.2;  1069.2;   10.90;
13.01.2003 03:15 ;  1069.2;  1069.2;   10.90;
13.01.2003 03:20 ;  1069.2;  1069.2;   10.90;
13.01.2003 03:25 ;  1069.2;  1069.2;   10.90;
13.01.2003 03:30 ;  1069.2;  1069.2;   10.90;
13.01.2003 03:35 ;  1069.2;  1069.2;   10.90;
13.01.2003 03:40 ;  1069.2;  1069.2;   10.90;
13.01.2003 03:45 ;  1069.2;  1069.2;   10.90;
13.01.2003 03:50 ;  1069.2;  1069.2;   10.90;
13.01.2003 03:55 ;  1069.2;  1069.2;   10.90;
13.01.2003 04:00 ;  1069.2;  1069.2;   10.90;
13.01.2003 04:05 ;  1069.2;  1069.2;   10.90;
13.01.2003 04:10 ;  1069.2;  1069.2;   10.90;
13.01.2003 04:15 ;  1069.2;  1069.2;   10.90;
13.01.2003 04:20 ;  1069.2;  1069.2;   10.90;
13.01.2003 04:25 ;  1069.2;  1069.2;   10.90;
13.01.2003 04:30 ;  1069.2;  1069.2;   10.90;
13.01.2003 04:35 ;  1069.2;  1069.2;   10.90;
13.01.2003 04:40 ;  1069.2;  1069.2;   10.90;
13.01.2003 04:45 ;  1069.2;  1069.2;   10.90;
13.01.2003 04:50 ;  1069.2;  1069.2;   10.90;
13.01.2003 04:55 ;  1069.2;  1069.2;   10.90;
13.01.2003 05:00 ;  1069.2;  1069.2;   10.90;
13.01.2003 05:05 ;  1069.2;  1069.2;   10.90;
13.01.2003 05:10 ;  1069.2;  1069.2;   10.90;
13.01.2003 05:15 ;  1069.2;  1069.2;   10.90;
13.01.2003 05:20 ;  1069.2;  1069.2;   10.90;
13.01.2003 05:25 ;  1069.2;  1069.2;   10.90;
13.01.2003 05:30 ;  1069.2;  1069.2;   10.90;
13.01.2003 05:35 ;  1069.2;  1069.2;   10.90;
13.01.2003 05:40 ;  1069.2;  1069.2;   10.90;
13.01.2003 05:45 ;  1069.2;  1069.2;   10.90;
13.01.2003 05:50 ;  1069.2;  1069.2;   10.90;
13.01.2003 05:55 ;  1069.2;  1069.2;   10.90;
13.01.2003 06:00 ;  1069.2;  1069.2;   10.90;
13.01.2003 06:05 ;  1069.2;  1069.2;   10.90;
13.01.2003 06:10 ;  1069.2;  1069.2;   10.90;
13.01.2003 06:15 ;  1069.2;  1069.2;   10.90;
13.01.2003 06:20 ;  1069.2;  1069.2;   10.90;
13.01.2003 06:25 ;  1069.2;  1069.2;   10.90;
13.01.2003 06:30 ;  1069.2;  1069.2;   10.90;
13.01.2003 06:35 ;  1069.2;  1069.2;   10.90;
13.01.2003 06:40 ;  1069.2;  1069.2;   10.90;
13.01.2003 06:45 ;  1069.2;  1069.2;   10.90;
13.01.2003 06:50 ;  1069.2;  1069.2;   10.90;
13.01.2003 06:55 ;  1069.2;  1069.2;   10.90;
13.01.2003 07:00 ;  1069.2;  1069.2;   10.90;
13.01.2003 07:05 ;  1069.2;  1069.2;   10.90;
13.01.2003 07:10 ;  1069.2;  1069.2;   10.90;
13.01.2003 07:15 ;  1069.2;  1069.2;   10.90;
13.01.2003 07:20 ;  1069.2;  1069.2;   10.90;
13.01.2003 07:25 ;  1069.2;  1069.2;   10.90;
13.01.2003 07:30 ;  1069.2;  1069.2;   10.90;
13.01.2003 07:35 ;  1069.2;  1069.2;   10.90;
13.01.2003 07:40 ;  1069.2;  1069.2;   10.90;
13.01.2003 07:45 ;  1069.2;  1069.2;   10.90;
13.01.2003 07:50 ;  1069.2;  1069.2;   10.90;
13.01.2003 07:55 ;  1069.2;  1069.2;   10.90;
13.01.2003 08:00 ;  1069.2;  1069.2;   10.90;
13.01.2003 08:05 ;  1069.2;  1069.2;   10.90;
13.01.2003 08:10 ;  1069.2;  1069.2;   10.90;
13.01.2003 08:15 ;  1069.2;  1069.2;   10.90;
13.01.2003 08:20 ;  1069.2;  1069.2;   10.90;
13.01.2003 08:25 ;  1069.2;  1069.2;   10.90;
13.01.2003 08:30 ;  1069.2;  1069.2;   10.90;
13.01.2003 08:35 ;  1069.2;  1069.2;   10.90;
13.01.2003 08:40 ;  1069.2;  1069.2;   10.90;
13.01.2003 08:45 ;  1069.2;  1069.2;   10.90;
13.01.2003 08:50 ;  1069.2;  1069.2;   10.90;
13.01.2003 08:55 ;  1069.2;  1069.2;   10.90;
13.01.2003 09:00 ;  1069.2;  1069.2;   10.90;
13.01.2003 09:05 ;  1069.2;  1069.2;   10.90;
13.01.2003 09:10 ;  1069.2;  1069.2;   10.90;
13.01.2003 09:15 ;  1069.2;  1069.2;   10.90;
13.01.2003 09:20 ;  1069.2;  1069.2;   10.90;
13.01.2003 09:25 ;  1069.2;  1069.2;   10.90;
13.01.2003 09:30 ;  1069.2;  1069.2;   10.90;
13.01.2003 09:35 ;  1069.2;  1069.2;   10.90;
13.01.2003 09:40 ;  1069.2;  1069.2;   10.90;
13.01.2003 09:45 ;  1069.2;  1069.2;   10.90;
13.01.2003 09:50 ;  1069.2;  1069.2;   10.90;
13.01.2003 09:55 ;  1069.2;  1069.2;   10.90;
13.01.2003 10:00 ;  1069.2;  1069.2;   10.90;
13.01.2003 10:05 ;  1069.2;  1069.2;   10.90;
13.01.2003 10:10 ;  1069.2;  1069.2;   10.90;
13.01.2003 10:15 ;  1069.2;  1069.2;   10.90;
13.01.2003 10:20 ;  1069.2;  1069.2;   10.90;
13.01.2003 10:25 ;  1069.2;  1069.2;   10.90;
13.01.2003 10:30 ;  1069.2;  1069.2;   10.90;
13.01.2003 10:35 ;  1069.2;  1069.2;   10.90;
13.01.2003 10:40 ;  1069.2;  1069.2;   10.90;
13.01.2003 10:45 ;  1069.2;  1069.2;   10.90;
13.01.2003 10:50 ;  1069.2;  1069.2;   10.90;
13.01.2003 10:55 ;  1069.2;  1069.2;   10.90;
13.01.2003 11:00 ;  1069.2;  1069.2;   10.90;
13.01.2003 11:05 ;  1069.2;  1069.2;   10.90;
13.01.2003 11:10 ;  1069.2;  1069.2;   10.90;
13.01.2003 11:15 ;  1069.2;  1069.2;   10.90;
13.01.2003 11:20 ;  1069.2;  1069.2;   10.90;
13.01.2003 11:25 ;  1069.2;  1069.2;   10.90;
13.01.2003 11:30 ;  1069.2;  1069.2;   10.90;
13.01.2003 11:35 ;  1069.2;  1069.2;   10.90;
13.01.2003 11:40 ;  1069.2;  1069.2;   10.90;
13.01.2003 11:45 ;  1069.2;  1069.2;   10.90;
13.01.2003 11:50 ;  1069.2;  1069.2;   10.90;
13.01.2003 11:55 ;  1069.2;  1069.2;   10.90;
13.01.2003 12:00 ;  1069.2;  1069.2;   10.90;
13.01.2003 12:05 ;  1069.2;  1069.2;   10.90;
13.01.2003 12:10 ;  1069.2;  1069.2;   10.90;
13.01.2003 12:15 ;  1069.2;  1069.2;   10.90;
13.01.2003 12:20 ;  1069.2;  1069.2;   10.90;
13.01.2003 12:25 ;  1069.2;  1069.2;   10.90;
13.01.2003 12:30 ;  1069.2;  1069.2;   10.90;
13.01.2003 12:35 ;  1069.2;  1069.2;   10.90;
13.01.2003 12:40 ;  1069.2;  1069.2;   10.90;
13.01.2003 12:45 ;  1069.2;  1069.2;   10.90;
13.01.2003 12:50 ;  1069.2;  1069.2;   10.90;
13.01.2003 12:55 ;  1069.2;  1069.2;   10.90;
13.01.2003 13:00 ;  1069.2;  1069.2;   10.90;
13.01.2003 13:05 ;  1069.2;  1069.2;   10.90;
13.01.2003 13:10 ;  1069.2;  1069.2;   10.90;
13.01.2003 13:15 ;  1069.2;  1069.2;   10.90;
13.01.2003 13:20 ;  1069.2;  1069.2;   10.90;
13.01.2003 13:25 ;  1069.2;  1069.2;   10.90;
13.01.2003 13:30 ;  1069.2;  1069.2;   10.90;
13.01.2003 13:35 ;  1069.2;  1069.2;   10.90;
13.01.2003 13:40 ;  1069.2;  1069.2;   10.90;
13.01.2003 13:45 ;  1069.2;  1069.2;   10.90;
13.01.2003 13:50 ;  1069.2;  1069.2;   10.90;
13.01.2003 13:55 ;  1069.2;  1069.2;   10.90;
13.01.2003 14:00 ;  1069.2;  1069.2;   10.90;
13.01.2003 14:05 ;  1069.2;  1069.2;   10.90;
13.01.2003 14:10 ;  1069.2;  1069.2;   10.90;
13.01.2003 14:15 ;  1069.2;  1069.2;   10.90;
13.01.2003 14:20 ;  1069.2;  1069.2;   10.90;
13.01.2003 14:25 ;  1069.2;  1069.2;   10.90;
13.01.2003 14:30 ;  1069.2;  1069.2;   10.90;
13.01.2003 14:35 ;  1069.2;  1069.2;   10.90;
13.01.2003 14:40 ;  1069.2;  1069.2;   10.90;
13.01.2003 14:45 ;  1069.2;  1069.2;   10.90;
13.01.2003 14:50 ;  1069.2;  1069.2;   10.90;
13.01.2003 14:55 ;  1069.2;  1069.2;   10.90;
13.01.2003 15:00 ;  1069.2;  1069.2;   10.90;
13.01.2003 15:05 ;  1069.2;  1069.2;   10.90;
13.01.2003 15:10 ;  1069.2;  1069.2;   10.90;
13.01.2003 15:15 ;  1069.2;  1069.2;   10.90;
13.01.2003 15:20 ;  1069.2;  1069.2;   10.90;
13.01.2003 15:25 ;  1069.2;  1069.2;   10.90;
13.01.2003 15:30 ;  1069.2;  1069.2;   10.90;
13.01.2003 15:35 ;  1069.2;  1069.2;   10.90;
13.01.2003 15:40 ;  1069.2;  1069.2;   10.90;
13.01.2003 15:45 ;  1069.2;  1069.2;   10.90;
13.01.2003 15:50 ;  1069.2;  1069.2;   10.90;
13.01.2003 15:55 ;  1069.2;  1069.2;   10.90;
13.01.2003 16:00 ;  1069.2;  1069.2;   10.90;
13.01.2003 16:05 ;  1069.2;  1069.2;   10.90;
13.01.2003 16:10 ;  1069.2;  1069.2;   10.90;
13.01.2003 16:15 ;  1069.2;  1069.2;   10.90;
13.01.2003 16:20 ;  1069.2;  1069.2;   10.90;
13.01.2003 16:25 ;  1069.2;  1069.2;   10.90;
13.01.2003 16:30 ;  1069.2;  1069.2;   10.90;
13.01.2003 16:35 ;  1069.2;  1069.2;   10.90;
13.01.2003 16:40 ;  1069.2;  1069.2;   10.90;
13.01.2003 16:45 ;  1069.2;  1069.2;   10.90;
13.01.2003 16:50 ;  1069.2;  1069.2;   10.90;
13.01.2003 16:55 ;  1069.2;  1069.2;   10.90;
13.01.2003 17:00 ;  1069.2;  1069.2;   10.90;
13.01.2003 17:05 ;  1069.2;  1069.2;   10.90;
13.01.2003 17:10 ;  1069.2;  1069.2;   10.90;
13.01.2003 17:15 ;  1069.2;  1069.2;   10.90;
13.01.2003 17:20 ;  1069.2;  1069.2;   10.90;
13.01.2003 17:25 ;  1069.2;  1069.2;   10.90;
13.01.2003 17:30 ;  1069.2;  1069.2;   10.90;
13.01.2003 17:35 ;  1069.2;  1069.2;   10.90;
13.01.2003 17:40 ;  1069.2;  1069.2;   10.90;
13.01.2003 17:45 ;  1069.2;  1069.2;   10.90;
13.01.2003 17:50 ;  1069.2;  1069.2;   10.90;
13.01.2003 17:55 ;  1069.2;  1069.2;   10.90;
13.01.2003 18:00 ;  1069.2;  1069.2;   10.90;
13.01.2003 18:05 ;  1069.2;  1069.2;   10.90;
13.01.2003 18:10 ;  1069.2;  1069.2;   10.90;
13.01.2003 18:15 ;  1069.2;  1069.2;   10.90;
13.01.2003 18:20 ;  1069.2;  1069.2;   10.90;
13.01.2003 18:25 ;  1069.2;  1069.2;   10.90;
13.01.2003 18:30 ;  1069.2;  1069.2;   10.90;
13.01.2003 18:35 ;  1069.2;  1069.2;   10.90;
13.01.2003 18:40 ;  1069.2;  1069.2;   10.90;
13.01.2003 18:45 ;  1069.2;  1069.2;   10.90;
13.01.2003 18:50 ;  1069.2;  1069.2;   10.90;
13.01.2003 18:55 ;  1069.2;  1069.2;   10.90;
13.01.2003 19:00 ;  1069.2;  1069.2;   10.90;
13.01.2003 19:05 ;  1069.2;  1069.2;   10.90;
13.01.2003 19:10 ;  1069.2;  1069.2;   10.90;
13.01.2003 19:15 ;  1069.2;  1069.2;   10.90;
13.01.2003 19:20 ;  1069.2;  1069.2;   10.90;
13.01.2003 19:25 ;  1069.2;  1069.2;   10.90;
13.01.2003 19:30 ;  1069.2;  1069.2;   10.90;
13.01.2003 19:35 ;  1069.2;  1069.2;   10.90;
13.01.2003 19:40 ;  1069.2;  1069.2;   10.90;
13.01.2003 19:45 ;  1069.2;  1069.2;   10.90;
13.01.2003 19:50 ;  1069.2;  1069.2;   10.90;
13.01.2003 19:55 ;  1069.2;  1069.2;   10.90;
13.01.2003 20:00 ;  1069.2;  1069.2;   10.90;
13.01.2003 20:05 ;  1069.2;  1069.2;   10.90;
13.01.2003 20:10 ;  1069.2;  1069.2;   10.90;
13.01.2003 20:15 ;  1069.2;  1069.2;   10.90;
13.01.2003 20:20 ;  1069.2;  1069.2;   10.90;
13.01.2003 20:25 ;  1069.2;  1069.2;   10.90;
13.01.2003 20:30 ;  1069.2;  1069.2;   10.90;
13.01.2003 20:35 ;  1069.2;  1069.2;   10.90;
13.01.2003 20:40 ;  1069.2;  1069.2;   10.90;
13.01.2003 20:45 ;  1069.2;  1069.2;   10.90;
13.01.2003 20:50 ;  1069.2;  1069.2;   10.90;
13.01.2003 20:55 ;  1069.2;  1069.2;   10.90;
13.01.2003 21:00 ;  1069.2;  1069.2;   10.90;
13.01.2003 21:05 ;  1069.2;  1069.2;   10.90;
13.01.2003 21:10 ;  1069.2;  1069.2;   10.90;
13.01.2003 21:15 ;  1069.2;  1069.2;   10.90;
13.01.2003 21:20 ;  1069.2;  1069.2;   10.90;
13.01.2003 21:25 ;  1069.2;  1069.2;   10.90;
13.01.2003 21:30 ;  1069.2;  1069.2;   10.90;
13.01.2003 21:35 ;  1069.2;  1069.2;   10.90;
13.01.2003 21:40 ;  1069.2;  1069.2;   10.90;
13.01.2003 21:45 ;  1069.2;  1069.2;   10.90;
13.01.2003 21:50 ;  1069.2;  1069.2;   10.90;
13.01.2003 21:55 ;  1069.2;  1069.2;   10.90;
13.01.2003 22:00 ;  1069.2;  1069.2;   10.90;
13.01.2003 22:05 ;  1069.2;  1069.2;   10.90;
13.01.2003 22:10 ;  1069.2;  1069.2;   10.90;
13.01.2003 22:15 ;  1069.2;  1069.2;   10.90;
13.01.2003 22:20 ;  1069.2;  1069.2;   10.90;
13.01.2003 22:25 ;  1069.2;  1069.2;   10.90;
13.01.2003 22:30 ;  1069.2;  1069.2;   10.90;
13.01.2003 22:35 ;  1069.2;  1069.2;   10.90;
13.01.2003 22:40 ;  1069.2;  1069.2;   10.90;
13.01.2003 22:45 ;  1069.2;  1069.2;   10.90;
13.01.2003 22:50 ;  1069.2;  1069.2;   10.90;
13.01.2003 22:55 ;  1069.2;  1069.2;   10.90;
13.01.2003 23:00 ;  1069.2;  1069.2;   10.90;
13.01.2003 23:05 ;  1069.2;  1069.2;   10.90;
13.01.2003 23:10 ;  1069.2;  1069.2;   10.90;
13.01.2003 23:15 ;  1069.2;  1069.2;   10.90;
13.01.2003 23:20 ;  1069.2;  1069.2;   10.90;
13.01.2003 23:25 ;  1069.2;  1069.2;   10.90;
13.01.2003 23:30 ;  1069.2;  1069.2;   10.90;
13.01.2003 23:35 ;  1069.2;  1069.2;   10.90;
13.01.2003 23:40 ;  1069.2;  1069.2;   10.90;
13.01.2003 23:45 ;  1069.2;  1069.2;   10.90;
13.01.2003 23:50 ;  1069.2;  1069.2;   10.90;
13.01.2003 23:55 ;  1069.2;  1069.2;   10.90;
14.01.2003 00:00 ;  1069.2;  1069.2;   10.90;
14.01.2003 00:05 ;  1069.2;  1069.2;   10.90;
14.01.2003 00:10 ;  1069.2;  1069.2;   10.90;
14.01.2003 00:15 ;  1069.2;  1069.2;   10.90;
14.01.2003 00:20 ;  1069.2;  1069.2;   10.90;
14.01.2003 00:25 ;  1069.2;  1069.2;   10.90;
14.01.2003 00:30 ;  1069.2;  1069.2;   10.90;
14.01.2003 00:35 ;  1069.2;  1069.2;   10.90;
14.01.2003 00:40 ;  1069.2;  1069.2;   10.90;
14.01.2003 00:45 ;  1069.2;  1069.2;   10.90;
14.01.2003 00:50 ;  1069.2;  1069.2;   10.90;
14.01.2003 00:55 ;  1069.2;  1069.2;   10.90;
14.01.2003 01:00 ;  1069.2;  1069.2;   10.90;
14.01.2003 01:05 ;  1069.2;  1069.2;   10.90;
14.01.2003 01:10 ;  1069.2;  1069.2;   10.90;
14.01.2003 01:15 ;  1069.2;  1069.2;   10.90;
14.01.2003 01:20 ;  1069.2;  1069.2;   10.90;
14.01.2003 01:25 ;  1069.2;  1069.2;   10.90;
14.01.2003 01:30 ;  1069.2;  1069.2;   10.90;
14.01.2003 01:35 ;  1069.2;  1069.2;   10.90;
14.01.2003 01:40 ;  1069.2;  1069.2;   10.90;
14.01.2003 01:45 ;  1069.2;  1069.2;   10.90;
14.01.2003 01:50 ;  1069.2;  1069.2;   10.90;
14.01.2003 01:55 ;  1069.2;  1069.2;   10.90;
14.01.2003 02:00 ;  1069.2;  1069.2;   10.90;
14.01.2003 02:05 ;  1069.2;  1069.2;   10.90;
14.01.2003 02:10 ;  1069.2;  1069.2;   10.90;
14.01.2003 02:15 ;  1069.2;  1069.2;   10.90;
14.01.2003 02:20 ;  1069.2;  1069.2;   10.90;
14.01.2003 02:25 ;  1069.2;  1069.2;   10.90;
14.01.2003 02:30 ;  1069.2;  1069.2;   10.90;
14.01.2003 02:35 ;  1069.2;  1069.2;   10.90;
14.01.2003 02:40 ;  1069.2;  1069.2;   10.90;
14.01.2003 02:45 ;  1069.2;  1069.2;   10.90;
14.01.2003 02:50 ;  1069.2;  1069.2;   10.90;
14.01.2003 02:55 ;  1069.2;  1069.2;   10.90;
14.01.2003 03:00 ;  1069.2;  1069.2;   10.90;
14.01.2003 03:05 ;  1069.2;  1069.2;   10.90;
14.01.2003 03:10 ;  1069.2;  1069.2;   10.90;
14.01.2003 03:15 ;  1069.2;  1069.2;   10.90;
14.01.2003 03:20 ;  1069.2;  1069.2;   10.90;
14.01.2003 03:25 ;  1069.2;  1069.2;   10.90;
14.01.2003 03:30 ;  1069.2;  1069.2;   10.90;
14.01.2003 03:35 ;  1069.2;  1069.2;   10.90;
14.01.2003 03:40 ;  1069.2;  1069.2;   10.90;
14.01.2003 03:45 ;  1069.2;  1069.2;   10.90;
14.01.2003 03:50 ;  1069.2;  1069.2;   10.90;
14.01.2003 03:55 ;  1069.2;  1069.2;   10.90;
14.01.2003 04:00 ;  1069.2;  1069.2;   10.90;
14.01.2003 04:05 ;  1069.2;  1069.2;   10.90;
14.01.2003 04:10 ;  1069.2;  1069.2;   10.90;
14.01.2003 04:15 ;  1069.2;  1069.2;   10.90;
14.01.2003 04:20 ;  1069.2;  1069.2;   10.90;
14.01.2003 04:25 ;  1069.2;  1069.2;   10.90;
14.01.2003 04:30 ;  1069.2;  1069.2;   10.90;
14.01.2003 04:35 ;  1069.2;  1069.2;   10.90;
14.01.2003 04:40 ;  1069.2;  1069.2;   10.90;
14.01.2003 04:45 ;  1069.2;  1069.2;   10.90;
14.01.2003 04:50 ;  1069.2;  1069.2;   10.90;
14.01.2003 04:55 ;  1069.2;  1069.2;   10.90;
14.01.2003 05:00 ;  1069.2;  1069.2;   10.90;
14.01.2003 05:05 ;  1069.2;  1069.2;   10.90;
14.01.2003 05:10 ;  1069.2;  1069.2;   10.90;
14.01.2003 05:15 ;  1069.2;  1069.2;   10.90;
14.01.2003 05:20 ;  1069.2;  1069.2;   10.90;
14.01.2003 05:25 ;  1069.2;  1069.2;   10.90;
14.01.2003 05:30 ;  1069.2;  1069.2;   10.90;
14.01.2003 05:35 ;  1069.2;  1069.2;   10.90;
14.01.2003 05:40 ;  1069.2;  1069.2;   10.90;
14.01.2003 05:45 ;  1069.2;  1069.2;   10.90;
14.01.2003 05:50 ;  1069.2;  1069.2;   10.90;
14.01.2003 05:55 ;  1069.2;  1069.2;   10.90;
14.01.2003 06:00 ;  1069.2;  1069.2;   10.90;
14.01.2003 06:05 ;  1069.2;  1069.2;   10.90;
14.01.2003 06:10 ;  1069.2;  1069.2;   10.90;
14.01.2003 06:15 ;  1069.2;  1069.2;   10.90;
14.01.2003 06:20 ;  1069.2;  1069.2;   10.90;
14.01.2003 06:25 ;  1069.2;  1069.2;   10.90;
14.01.2003 06:30 ;  1069.2;  1069.2;   10.90;
14.01.2003 06:35 ;  1069.2;  1069.2;   10.90;
14.01.2003 06:40 ;  1069.2;  1069.2;   10.90;
14.01.2003 06:45 ;  1069.2;  1069.2;   10.90;
14.01.2003 06:50 ;  1069.2;  1069.2;   10.90;
14.01.2003 06:55 ;  1069.2;  1069.2;   10.90;
14.01.2003 07:00 ;  1069.2;  1069.2;   10.90;
14.01.2003 07:05 ;  1069.2;  1069.2;   10.90;
14.01.2003 07:10 ;  1069.2;  1069.2;   10.90;
14.01.2003 07:15 ;  1069.2;  1069.2;   10.90;
14.01.2003 07:20 ;  1069.2;  1069.2;   10.90;
14.01.2003 07:25 ;  1069.2;  1069.2;   10.90;
14.01.2003 07:30 ;  1069.2;  1069.2;   10.90;
14.01.2003 07:35 ;  1069.2;  1069.2;   10.90;
14.01.2003 07:40 ;  1069.2;  1069.2;   10.90;
14.01.2003 07:45 ;  1069.2;  1069.2;   10.90;
14.01.2003 07:50 ;  1069.2;  1069.2;   10.90;
14.01.2003 07:55 ;  1069.2;  1069.2;   10.90;
14.01.2003 08:00 ;  1069.2;  1069.2;   10.90;
14.01.2003 08:05 ;  1069.2;  1069.2;   10.90;
14.01.2003 08:10 ;  1069.2;  1069.2;   10.90;
14.01.2003 08:15 ;  1069.2;  1069.2;   10.90;
14.01.2003 08:20 ;  1069.2;  1069.2;   10.90;
14.01.2003 08:25 ;  1069.2;  1069.2;   10.90;
14.01.2003 08:30 ;  1069.2;  1069.2;   10.90;
14.01.2003 08:35 ;  1069.2;  1069.2;   10.90;
14.01.2003 08:40 ;  1069.2;  1069.2;   10.90;
14.01.2003 08:45 ;  1069.2;  1069.2;   10.90;
14.01.2003 08:50 ;  1069.2;  1069.2;   10.90;
14.01.2003 08:55 ;  1069.2;  1069.2;   10.90;
14.01.2003 09:00 ;  1069.2;  1069.2;   10.90;
14.01.2003 09:05 ;  1069.2;  1069.2;   10.90;
14.01.2003 09:10 ;  1069.2;  1069.2;   10.90;
14.01.2003 09:15 ;  1069.2;  1069.2;   10.90;
14.01.2003 09:20 ;  1069.2;  1069.2;   10.90;
14.01.2003 09:25 ;  1069.2;  1069.2;   10.90;
14.01.2003 09:30 ;  1069.2;  1069.2;   10.90;
14.01.2003 09:35 ;  1069.2;  1069.2;   10.90;
14.01.2003 09:40 ;  1069.2;  1069.2;   10.90;
14.01.2003 09:45 ;  1069.2;  1069.2;   10.90;
14.01.2003 09:50 ;  1069.2;  1069.2;   10.90;
14.01.2003 09:55 ;  1069.2;  1069.2;   10.90;
14.01.2003 10:00 ;  1069.2;  1069.2;   10.90;
14.01.2003 10:05 ;  1069.2;  1069.2;   10.90;
14.01.2003 10:10 ;  1069.2;  1069.2;   10.90;
14.01.2003 10:15 ;  1069.2;  1069.2;   10.90;
14.01.2003 10:20 ;  1069.2;  1069.2;   10.90;
14.01.2003 10:25 ;  1069.2;  1069.2;   10.90;
14.01.2003 10:30 ;  1069.2;  1069.2;   10.90;
14.01.2003 10:35 ;  1069.2;  1069.2;   10.90;
14.01.2003 10:40 ;  1069.2;  1069.2;   10.90;
14.01.2003 10:45 ;  1069.2;  1069.2;   10.90;
14.01.2003 10:50 ;  1069.2;  1069.2;   10.90;
14.01.2003 10:55 ;  1069.2;  1069.2;   10.90;
14.01.2003 11:00 ;  1069.2;  1069.2;   10.90;
14.01.2003 11:05 ;  1069.2;  1069.2;   10.90;
14.01.2003 11:10 ;  1069.2;  1069.2;   10.90;
14.01.2003 11:15 ;  1069.2;  1069.2;   10.90;
14.01.2003 11:20 ;  1069.2;  1069.2;   10.90;
14.01.2003 11:25 ;  1069.2;  1069.2;   10.90;
14.01.2003 11:30 ;  1069.2;  1069.2;   10.90;
14.01.2003 11:35 ;  1069.2;  1069.2;   10.90;
14.01.2003 11:40 ;  1069.2;  1069.2;   10.90;
14.01.2003 11:45 ;  1069.2;  1069.2;   10.90;
14.01.2003 11:50 ;  1069.2;  1069.2;   10.90;
14.01.2003 11:55 ;  1069.2;  1069.2;   10.90;
14.01.2003 12:00 ;  1069.2;  1069.2;   10.90;
14.01.2003 12:05 ;  1069.2;  1069.2;   10.90;
14.01.2003 12:10 ;  1069.2;  1069.2;   10.90;
14.01.2003 12:15 ;  1069.2;  1069.2;   10.90;
14.01.2003 12:20 ;  1069.2;  1069.2;   10.90;
14.01.2003 12:25 ;  1069.2;  1069.2;   10.90;
14.01.2003 12:30 ;  1069.2;  1069.2;   10.90;
14.01.2003 12:35 ;  1069.2;  1069.2;   10.90;
14.01.2003 12:40 ;  1069.2;  1069.2;   10.90;
14.01.2003 12:45 ;  1069.2;  1069.2;   10.90;
14.01.2003 12:50 ;  1069.2;  1069.2;   10.90;
14.01.2003 12:55 ;  1069.2;  1069.2;   10.90;
14.01.2003 13:00 ;  1069.2;  1069.2;   10.90;
14.01.2003 13:05 ;  1069.2;  1069.2;   10.90;
14.01.2003 13:10 ;  1069.2;  1069.2;   10.90;
14.01.2003 13:15 ;  1069.2;  1069.2;   10.90;
14.01.2003 13:20 ;  1069.2;  1069.2;   10.90;
14.01.2003 13:25 ;  1069.2;  1069.2;   10.90;
14.01.2003 13:30 ;  1069.2;  1069.2;   10.90;
14.01.2003 13:35 ;  1069.2;  1069.2;   10.90;
14.01.2003 13:40 ;  1069.2;  1069.2;   10.90;
14.01.2003 13:45 ;  1069.2;  1069.2;   10.90;
14.01.2003 13:50 ;  1069.2;  1069.2;   10.90;
14.01.2003 13:55 ;  1069.2;  1069.2;   10.90;
14.01.2003 14:00 ;  1069.2;  1069.2;   10.90;
14.01.2003 14:05 ;  1069.2;  1069.2;   10.90;
14.01.2003 14:10 ;  1069.2;  1069.2;   10.90;
14.01.2003 14:15 ;  1069.2;  1069.2;   10.90;
14.01.2003 14:20 ;  1069.2;  1069.2;   10.90;
14.01.2003 14:25 ;  1069.2;  1069.2;   10.90;
14.01.2003 14:30 ;  1069.2;  1069.2;   10.90;
14.01.2003 14:35 ;  1069.2;  1069.2;   10.90;
14.01.2003 14:40 ;  1069.2;  1069.2;   10.90;
14.01.2003 14:45 ;  1069.2;  1069.2;   10.90;
14.01.2003 14:50 ;  1069.2;  1069.2;   10.90;
14.01.2003 14:55 ;  1069.2;  1069.2;   10.90;
14.01.2003 15:00 ;  1069.2;  1069.2;   10.90;
14.01.2003 15:05 ;  1069.2;  1069.2;   10.90;
14.01.2003 15:10 ;  1069.2;  1069.2;   10.90;
14.01.2003 15:15 ;  1069.2;  1069.2;   10.90;
14.01.2003 15:20 ;  1069.2;  1069.2;   10.90;
14.01.2003 15:25 ;  1069.2;  1069.2;   10.90;
14.01.2003 15:30 ;  1069.2;  1069.2;   10.90;
14.01.2003 15:35 ;  1069.2;  1069.2;   10.90;
14.01.2003 15:40 ;  1069.2;  1069.2;   10.90;
14.01.2003 15:45 ;  1069.2;  1069.2;   10.90;
14.01.2003 15:50 ;  1069.2;  1069.2;   10.90;
14.01.2003 15:55 ;  1069.2;  1069.2;   10.90;
14.01.2003 16:00 ;  1069.2;  1069.2;   10.90;
14.01.2003 16:05 ;  1069.2;  1069.2;   10.90;
14.01.2003 16:10 ;  1069.2;  1069.2;   10.90;
14.01.2003 16:15 ;  1069.2;  1069.2;   10.90;
14.01.2003 16:20 ;  1069.2;  1069.2;   10.90;
14.01.2003 16:25 ;  1069.2;  1069.2;   10.90;
14.01.2003 16:30 ;  1069.2;  1069.2;   10.90;
14.01.2003 16:35 ;  1069.2;  1069.2;   10.90;
14.01.2003 16:40 ;  1069.2;  1069.2;   10.90;
14.01.2003 16:45 ;  1069.2;  1069.2;   10.90;
14.01.2003 16:50 ;  1069.2;  1069.2;   10.90;
14.01.2003 16:55 ;  1069.2;  1069.2;   10.90;
14.01.2003 17:00 ;  1069.2;  1069.2;   10.90;
14.01.2003 17:05 ;  1069.2;  1069.2;   10.90;
14.01.2003 17:10 ;  1069.2;  1069.2;   10.90;
14.01.2003 17:15 ;  1069.2;  1069.2;   10.90;
14.01.2003 17:20 ;  1069.2;  1069.2;   10.90;
14.01.2003 17:25 ;  1069.2;  1069.2;   10.90;
14.01.2003 17:30 ;  1069.2;  1069.2;   10.90;
14.01.2003 17:35 ;  1069.2;  1069.2;   10.90;
14.01.2003 17:40 ;  1069.2;  1069.2;   10.90;
14.01.2003 17:45 ;  1069.2;  1069.2;   10.90;
14.01.2003 17:50 ;  1069.2;  1069.2;   10.90;
14.01.2003 17:55 ;  1069.2;  1069.2;   10.90;
14.01.2003 18:00 ;  1069.2;  1069.2;   10.90;
14.01.2003 18:05 ;  1069.2;  1069.2;   10.90;
14.01.2003 18:10 ;  1069.2;  1069.2;   10.90;
14.01.2003 18:15 ;  1069.2;  1069.2;   10.90;
14.01.2003 18:20 ;  1069.2;  1069.2;   10.90;
14.01.2003 18:25 ;  1069.2;  1069.2;   10.90;
14.01.2003 18:30 ;  1069.2;  1069.2;   10.90;
14.01.2003 18:35 ;  1069.2;  1069.2;   10.90;
14.01.2003 18:40 ;  1069.2;  1069.2;   10.90;
14.01.2003 18:45 ;  1069.2;  1069.2;   10.90;
14.01.2003 18:50 ;  1069.2;  1069.2;   10.90;
14.01.2003 18:55 ;  1069.2;  1069.2;   10.90;
14.01.2003 19:00 ;  1069.2;  1069.2;   10.90;
14.01.2003 19:05 ;  1069.2;  1069.2;   10.90;
14.01.2003 19:10 ;  1069.2;  1069.2;   10.90;
14.01.2003 19:15 ;  1069.2;  1069.2;   10.90;
14.01.2003 19:20 ;  1069.2;  1069.2;   10.90;
14.01.2003 19:25 ;  1069.2;  1069.2;   10.90;
14.01.2003 19:30 ;  1069.2;  1069.2;   10.90;
14.01.2003 19:35 ;  1069.2;  1069.2;   10.90;
14.01.2003 19:40 ;  1069.2;  1069.2;   10.90;
14.01.2003 19:45 ;  1069.2;  1069.2;   10.90;
14.01.2003 19:50 ;  1069.2;  1069.2;   10.90;
14.01.2003 19:55 ;  1069.2;  1069.2;   10.90;
14.01.2003 20:00 ;  1069.2;  1069.2;   10.90;
14.01.2003 20:05 ;  1069.2;  1069.2;   10.90;
14.01.2003 20:10 ;  1069.2;  1069.2;   10.90;
14.01.2003 20:15 ;  1069.2;  1069.2;   10.90;
14.01.2003 20:20 ;  1069.2;  1069.2;   10.90;
14.01.2003 20:25 ;  1069.2;  1069.2;   10.90;
14.01.2003 20:30 ;  1069.2;  1069.2;   10.90;
14.01.2003 20:35 ;  1069.2;  1069.2;   10.90;
14.01.2003 20:40 ;  1069.2;  1069.2;   10.90;
14.01.2003 20:45 ;  1069.2;  1069.2;   10.90;
14.01.2003 20:50 ;  1069.2;  1069.2;   10.90;
14.01.2003 20:55 ;  1069.2;  1069.2;   10.90;
14.01.2003 21:00 ;  1069.2;  1069.2;   10.90;
14.01.2003 21:05 ;  1069.2;  1069.2;   10.90;
14.01.2003 21:10 ;  1069.2;  1069.2;   10.90;
14.01.2003 21:15 ;  1069.2;  1069.2;   10.90;
14.01.2003 21:20 ;  1069.2;  1069.2;   10.90;
14.01.2003 21:25 ;  1069.2;  1069.2;   10.90;
14.01.2003 21:30 ;  1069.2;  1069.2;   10.90;
14.01.2003 21:35 ;  1069.2;  1069.2;   10.90;
14.01.2003 21:40 ;  1069.2;  1069.2;   10.90;
14.01.2003 21:45 ;  1069.2;  1069.2;   10.90;
14.01.2003 21:50 ;  1069.2;  1069.2;   10.90;
14.01.2003 21:55 ;  1069.2;  1069.2;   10.90;
14.01.2003 22:00 ;  1069.2;  1069.2;   10.90;
14.01.2003 22:05 ;  1069.2;  1069.2;   10.90;
14.01.2003 22:10 ;  1069.2;  1069.2;   10.90;
14.01.2003 22:15 ;  1069.2;  1069.2;   10.90;
14.01.2003 22:20 ;  1069.2;  1069.2;   10.90;
14.01.2003 22:25 ;  1069.2;  1069.2;   10.90;
14.01.2003 22:30 ;  1069.2;  1069.2;   10.90;
14.01.2003 22:35 ;  1069.2;  1069.2;   10.90;
14.01.2003 22:40 ;  1069.2;  1069.2;   10.90;
14.01.2003 22:45 ;  1069.2;  1069.2;   10.90;
14.01.2003 22:50 ;  1069.2;  1069.2;   10.90;
14.01.2003 22:55 ;  1069.2;  1069.2;   10.90;
14.01.2003 23:00 ;  1069.2;  1069.2;   10.90;
14.01.2003 23:05 ;  1069.2;  1069.2;   10.90;
14.01.2003 23:10 ;  1069.2;  1069.2;   10.90;
14.01.2003 23:15 ;  1069.2;  1069.2;   10.90;
14.01.2003 23:20 ;  1069.2;  1069.2;   10.90;
14.01.2003 23:25 ;  1069.2;  1069.2;   10.90;
14.01.2003 23:30 ;  1069.2;  1069.2;   10.90;
14.01.2003 23:35 ;  1069.2;  1069.2;   10.90;
14.01.2003 23:40 ;  1069.2;  1069.2;   10.90;
14.01.2003 23:45 ;  1069.2;  1069.2;   10.90;
14.01.2003 23:50 ;  1069.2;  1069.2;   10.90;
14.01.2003 23:55 ;  1069.2;  1069.2;   10.90;
15.01.2003 00:00 ;  1069.2;  1069.2;   10.90;
15.01.2003 00:05 ;  1069.2;  1069.2;   10.90;
15.01.2003 00:10 ;  1069.2;  1069.2;   10.90;
15.01.2003 00:15 ;  1069.2;  1069.2;   10.90;
15.01.2003 00:20 ;  1069.2;  1069.2;   10.90;
15.01.2003 00:25 ;  1069.2;  1069.2;   10.90;
15.01.2003 00:30 ;  1069.2;  1069.2;   10.90;
15.01.2003 00:35 ;  1069.2;  1069.2;   10.90;
15.01.2003 00:40 ;  1069.2;  1069.2;   10.90;
15.01.2003 00:45 ;  1069.2;  1069.2;   10.90;
15.01.2003 00:50 ;  1069.2;  1069.2;   10.90;
15.01.2003 00:55 ;  1069.2;  1069.2;   10.90;
15.01.2003 01:00 ;  1069.2;  1069.2;   10.90;
15.01.2003 01:05 ;  1069.2;  1069.2;   10.90;
15.01.2003 01:10 ;  1069.2;  1069.2;   10.90;
15.01.2003 01:15 ;  1069.2;  1069.2;   10.90;
15.01.2003 01:20 ;  1069.2;  1069.2;   10.90;
15.01.2003 01:25 ;  1069.2;  1069.2;   10.90;
15.01.2003 01:30 ;  1069.2;  1069.2;   10.90;
15.01.2003 01:35 ;  1069.2;  1069.2;   10.90;
15.01.2003 01:40 ;  1069.2;  1069.2;   10.90;
15.01.2003 01:45 ;  1069.2;  1069.2;   10.90;
15.01.2003 01:50 ;  1069.2;  1069.2;   10.90;
15.01.2003 01:55 ;  1069.2;  1069.2;   10.90;
15.01.2003 02:00 ;  1069.2;  1069.2;   10.90;
15.01.2003 02:05 ;  1069.2;  1069.2;   10.90;
15.01.2003 02:10 ;  1069.2;  1069.2;   10.90;
15.01.2003 02:15 ;  1069.2;  1069.2;   10.90;
15.01.2003 02:20 ;  1069.2;  1069.2;   10.90;
15.01.2003 02:25 ;  1069.2;  1069.2;   10.90;
15.01.2003 02:30 ;  1069.2;  1069.2;   10.90;
15.01.2003 02:35 ;  1069.2;  1069.2;   10.90;
15.01.2003 02:40 ;  1069.2;  1069.2;   10.90;
15.01.2003 02:45 ;  1069.2;  1069.2;   10.90;
15.01.2003 02:50 ;  1069.2;  1069.2;   10.90;
15.01.2003 02:55 ;  1069.2;  1069.2;   10.90;
15.01.2003 03:00 ;  1069.2;  1069.2;   10.90;
15.01.2003 03:05 ;  1069.2;  1069.2;   10.90;
15.01.2003 03:10 ;  1069.2;  1069.2;   10.90;
15.01.2003 03:15 ;  1069.2;  1069.2;   10.90;
15.01.2003 03:20 ;  1069.2;  1069.2;   10.90;
15.01.2003 03:25 ;  1069.2;  1069.2;   10.90;
15.01.2003 03:30 ;  1069.2;  1069.2;   10.90;
15.01.2003 03:35 ;  1069.2;  1069.2;   10.90;
15.01.2003 03:40 ;  1069.2;  1069.2;   10.90;
15.01.2003 03:45 ;  1069.2;  1069.2;   10.90;
15.01.2003 03:50 ;  1069.2;  1069.2;   10.90;
15.01.2003 03:55 ;  1069.2;  1069.2;   10.90;
15.01.2003 04:00 ;  1069.2;  1069.2;   10.90;
15.01.2003 04:05 ;  1069.2;  1069.2;   10.90;
15.01.2003 04:10 ;  1069.2;  1069.2;   10.90;
15.01.2003 04:15 ;  1069.2;  1069.2;   10.90;
15.01.2003 04:20 ;  1069.2;  1069.2;   10.90;
15.01.2003 04:25 ;  1069.2;  1069.2;   10.90;
15.01.2003 04:30 ;  1069.2;  1069.2;   10.90;
15.01.2003 04:35 ;  1069.2;  1069.2;   10.90;
15.01.2003 04:40 ;  1069.2;  1069.2;   10.90;
15.01.2003 04:45 ;  1069.2;  1069.2;   10.90;
15.01.2003 04:50 ;  1069.2;  1069.2;   10.90;
15.01.2003 04:55 ;  1069.2;  1069.2;   10.90;
15.01.2003 05:00 ;  1069.2;  1069.2;   10.90;
15.01.2003 05:05 ;  1069.2;  1069.2;   10.90;
15.01.2003 05:10 ;  1069.2;  1069.2;   10.90;
15.01.2003 05:15 ;  1069.2;  1069.2;   10.90;
15.01.2003 05:20 ;  1069.2;  1069.2;   10.90;
15.01.2003 05:25 ;  1069.2;  1069.2;   10.90;
15.01.2003 05:30 ;  1069.2;  1069.2;   10.90;
15.01.2003 05:35 ;  1069.2;  1069.2;   10.90;
15.01.2003 05:40 ;  1069.2;  1069.2;   10.90;
15.01.2003 05:45 ;  1069.2;  1069.2;   10.90;
15.01.2003 05:50 ;  1069.2;  1069.2;   10.90;
15.01.2003 05:55 ;  1069.2;  1069.2;   10.90;
15.01.2003 06:00 ;  1069.2;  1069.2;   10.90;
15.01.2003 06:05 ;  1069.2;  1069.2;   10.90;
15.01.2003 06:10 ;  1069.2;  1069.2;   10.90;
15.01.2003 06:15 ;  1069.2;  1069.2;   10.90;
15.01.2003 06:20 ;  1069.2;  1069.2;   10.90;
15.01.2003 06:25 ;  1069.2;  1069.2;   10.90;
15.01.2003 06:30 ;  1069.2;  1069.2;   10.90;
15.01.2003 06:35 ;  1069.2;  1069.2;   10.90;
15.01.2003 06:40 ;  1069.2;  1069.2;   10.90;
15.01.2003 06:45 ;  1069.2;  1069.2;   10.90;
15.01.2003 06:50 ;  1069.2;  1069.2;   10.90;
15.01.2003 06:55 ;  1069.2;  1069.2;   10.90;
15.01.2003 07:00 ;  1069.2;  1069.2;   10.90;
15.01.2003 07:05 ;  1069.2;  1069.2;   10.90;
15.01.2003 07:10 ;  1069.2;  1069.2;   10.90;
15.01.2003 07:15 ;  1069.2;  1069.2;   10.90;
15.01.2003 07:20 ;  1069.2;  1069.2;   10.90;
15.01.2003 07:25 ;  1069.2;  1069.2;   10.90;
15.01.2003 07:30 ;  1069.2;  1069.2;   10.90;
15.01.2003 07:35 ;  1069.2;  1069.2;   10.90;
15.01.2003 07:40 ;  1069.2;  1069.2;   10.90;
15.01.2003 07:45 ;  1069.2;  1069.2;   10.90;
15.01.2003 07:50 ;  1069.2;  1069.2;   10.90;
15.01.2003 07:55 ;  1069.2;  1069.2;   10.90;
15.01.2003 08:00 ;  1069.2;  1069.2;   10.90;
15.01.2003 08:05 ;  1069.2;  1069.2;   10.90;
15.01.2003 08:10 ;  1069.2;  1069.2;   10.90;
15.01.2003 08:15 ;  1069.2;  1069.2;   10.90;
15.01.2003 08:20 ;  1069.2;  1069.2;   10.90;
15.01.2003 08:25 ;  1069.2;  1069.2;   10.90;
15.01.2003 08:30 ;  1069.2;  1069.2;   10.90;
15.01.2003 08:35 ;  1069.2;  1069.2;   10.90;
15.01.2003 08:40 ;  1069.2;  1069.2;   10.90;
15.01.2003 08:45 ;  1069.2;  1069.2;   10.90;
15.01.2003 08:50 ;  1069.2;  1069.2;   10.90;
15.01.2003 08:55 ;  1069.2;  1069.2;   10.90;
15.01.2003 09:00 ;  1069.2;  1069.2;   10.90;
15.01.2003 09:05 ;  1069.2;  1069.2;   10.90;
15.01.2003 09:10 ;  1069.2;  1069.2;   10.90;
15.01.2003 09:15 ;  1069.2;  1069.2;   10.90;
15.01.2003 09:20 ;  1069.2;  1069.2;   10.90;
15.01.2003 09:25 ;  1069.2;  1069.2;   10.90;
15.01.2003 09:30 ;  1069.2;  1069.2;   10.90;
15.01.2003 09:35 ;  1069.2;  1069.2;   10.90;
15.01.2003 09:40 ;  1069.2;  1069.2;   10.90;
15.01.2003 09:45 ;  1069.2;  1069.2;   10.90;
15.01.2003 09:50 ;  1069.2;  1069.2;   10.90;
15.01.2003 09:55 ;  1069.2;  1069.2;   10.90;
15.01.2003 10:00 ;  1069.2;  1069.2;   10.90;
15.01.2003 10:05 ;  1069.2;  1069.2;   10.90;
15.01.2003 10:10 ;  1069.2;  1069.2;   10.90;
15.01.2003 10:15 ;  1069.2;  1069.2;   10.90;
15.01.2003 10:20 ;  1069.2;  1069.2;   10.90;
15.01.2003 10:25 ;  1069.2;  1069.2;   10.90;
15.01.2003 10:30 ;  1069.2;  1069.2;   10.90;
15.01.2003 10:35 ;  1069.2;  1069.2;   10.90;
15.01.2003 10:40 ;  1069.2;  1069.2;   10.90;
15.01.2003 10:45 ;  1069.2;  1069.2;   10.90;
15.01.2003 10:50 ;  1069.2;  1069.2;   10.90;
15.01.2003 10:55 ;  1069.2;  1069.2;   10.90;
15.01.2003 11:00 ;  1069.2;  1069.2;   10.90;
15.01.2003 11:05 ;  1069.2;  1069.2;   10.90;
15.01.2003 11:10 ;  1069.2;  1069.2;   10.90;
15.01.2003 11:15 ;  1069.2;  1069.2;   10.90;
15.01.2003 11:20 ;  1069.2;  1069.2;   10.90;
15.01.2003 11:25 ;  1069.2;  1069.2;   10.90;
15.01.2003 11:30 ;  1069.2;  1069.2;   10.90;
15.01.2003 11:35 ;  1069.2;  1069.2;   10.90;
15.01.2003 11:40 ;  1069.2;  1069.2;   10.90;
15.01.2003 11:45 ;  1069.2;  1069.2;   10.90;
15.01.2003 11:50 ;  1069.2;  1069.2;   10.90;
15.01.2003 11:55 ;  1069.2;  1069.2;   10.90;
15.01.2003 12:00 ;  1069.2;  1069.2;   10.90;
15.01.2003 12:05 ;  1069.2;  1069.2;   10.90;
15.01.2003 12:10 ;  1069.2;  1069.2;   10.90;
15.01.2003 12:15 ;  1069.2;  1069.2;   10.90;
15.01.2003 12:20 ;  1069.2;  1069.2;   10.90;
15.01.2003 12:25 ;  1069.2;  1069.2;   10.90;
15.01.2003 12:30 ;  1069.2;  1069.2;   10.90;
15.01.2003 12:35 ;  1069.2;  1069.2;   10.90;
15.01.2003 12:40 ;  1069.2;  1069.2;   10.90;
15.01.2003 12:45 ;  1069.2;  1069.2;   10.90;
15.01.2003 12:50 ;  1069.2;  1069.2;   10.90;
15.01.2003 12:55 ;  1069.2;  1069.2;   10.90;
15.01.2003 13:00 ;  1069.2;  1069.2;   10.90;
15.01.2003 13:05 ;  1069.2;  1069.2;   10.90;
15.01.2003 13:10 ;  1069.2;  1069.2;   10.90;
15.01.2003 13:15 ;  1069.2;  1069.2;   10.90;
15.01.2003 13:20 ;  1069.2;  1069.2;   10.90;
15.01.2003 13:25 ;  1069.2;  1069.2;   10.90;
15.01.2003 13:30 ;  1069.2;  1069.2;   10.90;
15.01.2003 13:35 ;  1069.2;  1069.2;   10.90;
15.01.2003 13:40 ;  1069.2;  1069.2;   10.90;
15.01.2003 13:45 ;  1069.2;  1069.2;   10.90;
15.01.2003 13:50 ;  1069.2;  1069.2;   10.90;
15.01.2003 13:55 ;  1069.2;  1069.2;   10.90;
15.01.2003 14:00 ;  1069.2;  1069.2;   10.90;
15.01.2003 14:05 ;  1069.2;  1069.2;   10.90;
15.01.2003 14:10 ;  1069.2;  1069.2;   10.90;
15.01.2003 14:15 ;  1069.2;  1069.2;   10.90;
15.01.2003 14:20 ;  1069.2;  1069.2;   10.90;
15.01.2003 14:25 ;  1069.2;  1069.2;   10.90;
15.01.2003 14:30 ;  1069.2;  1069.2;   10.90;
15.01.2003 14:35 ;  1069.2;  1069.2;   10.90;
15.01.2003 14:40 ;  1069.2;  1069.2;   10.90;
15.01.2003 14:45 ;  1069.2;  1069.2;   10.90;
15.01.2003 14:50 ;  1069.2;  1069.2;   10.90;
15.01.2003 14:55 ;  1069.2;  1069.2;   10.90;
15.01.2003 15:00 ;  1069.2;  1069.2;   10.90;
15.01.2003 15:05 ;  1069.2;  1069.2;   10.90;
15.01.2003 15:10 ;  1069.2;  1069.2;   10.90;
15.01.2003 15:15 ;  1069.2;  1069.2;   10.90;
15.01.2003 15:20 ;  1069.2;  1069.2;   10.90;
15.01.2003 15:25 ;  1069.2;  1069.2;   10.90;
15.01.2003 15:30 ;  1069.2;  1069.2;   10.90;
15.01.2003 15:35 ;  1069.2;  1069.2;   10.90;
15.01.2003 15:40 ;  1069.2;  1069.2;   10.90;
15.01.2003 15:45 ;  1069.2;  1069.2;   10.90;
15.01.2003 15:50 ;  1069.2;  1069.2;   10.90;
15.01.2003 15:55 ;  1069.2;  1069.2;   10.90;
15.01.2003 16:00 ;  1069.2;  1069.2;   10.90;
15.01.2003 16:05 ;  1069.2;  1069.2;   10.90;
15.01.2003 16:10 ;  1069.2;  1069.2;   10.90;
15.01.2003 16:15 ;  1069.2;  1069.2;   10.90;
15.01.2003 16:20 ;  1069.2;  1069.2;   10.90;
15.01.2003 16:25 ;  1069.2;  1069.2;   10.90;
15.01.2003 16:30 ;  1069.2;  1069.2;   10.90;
15.01.2003 16:35 ;  1069.2;  1069.2;   10.90;
15.01.2003 16:40 ;  1069.2;  1069.2;   10.90;
15.01.2003 16:45 ;  1069.2;  1069.2;   10.90;
15.01.2003 16:50 ;  1069.2;  1069.2;   10.90;
15.01.2003 16:55 ;  1069.2;  1069.2;   10.90;
15.01.2003 17:00 ;  1069.2;  1069.2;   10.90;
15.01.2003 17:05 ;  1069.2;  1069.2;   10.90;
15.01.2003 17:10 ;  1069.2;  1069.2;   10.90;
15.01.2003 17:15 ;  1069.2;  1069.2;   10.90;
15.01.2003 17:20 ;  1069.2;  1069.2;   10.90;
15.01.2003 17:25 ;  1069.2;  1069.2;   10.90;
15.01.2003 17:30 ;  1069.2;  1069.2;   10.90;
15.01.2003 17:35 ;  1069.2;  1069.2;   10.90;
15.01.2003 17:40 ;  1069.2;  1069.2;   10.90;
15.01.2003 17:45 ;  1069.2;  1069.2;   10.90;
15.01.2003 17:50 ;  1069.2;  1069.2;   10.90;
15.01.2003 17:55 ;  1069.2;  1069.2;   10.90;
15.01.2003 18:00 ;  1069.2;  1069.2;   10.90;
15.01.2003 18:05 ;  1069.2;  1069.2;   10.90;
15.01.2003 18:10 ;  1069.2;  1069.2;   10.90;
15.01.2003 18:15 ;  1069.2;  1069.2;   10.90;
15.01.2003 18:20 ;  1069.2;  1069.2;   10.90;
15.01.2003 18:25 ;  1069.2;  1069.2;   10.90;
15.01.2003 18:30 ;  1069.2;  1069.2;   10.90;
15.01.2003 18:35 ;  1069.2;  1069.2;   10.90;
15.01.2003 18:40 ;  1069.2;  1069.2;   10.90;
15.01.2003 18:45 ;  1069.2;  1069.2;   10.90;
15.01.2003 18:50 ;  1069.2;  1069.2;   10.90;
15.01.2003 18:55 ;  1069.2;  1069.2;   10.90;
15.01.2003 19:00 ;  1069.2;  1069.2;   10.90;
15.01.2003 19:05 ;  1069.2;  1069.2;   10.90;
15.01.2003 19:10 ;  1069.2;  1069.2;   10.90;
15.01.2003 19:15 ;  1069.2;  1069.2;   10.90;
15.01.2003 19:20 ;  1069.2;  1069.2;   10.90;
15.01.2003 19:25 ;  1069.2;  1069.2;   10.90;
15.01.2003 19:30 ;  1069.2;  1069.2;   10.90;
15.01.2003 19:35 ;  1069.2;  1069.2;   10.90;
15.01.2003 19:40 ;  1069.2;  1069.2;   10.90;
15.01.2003 19:45 ;  1069.2;  1069.2;   10.90;
15.01.2003 19:50 ;  1069.2;  1069.2;   10.90;
15.01.2003 19:55 ;  1069.2;  1069.2;   10.90;
15.01.2003 20:00 ;  1069.2;  1069.2;   10.90;
15.01.2003 20:05 ;  1069.2;  1069.2;   10.90;
15.01.2003 20:10 ;  1069.2;  1069.2;   10.90;
15.01.2003 20:15 ;  1069.2;  1069.2;   10.90;
15.01.2003 20:20 ;  1069.2;  1069.2;   10.90;
15.01.2003 20:25 ;  1069.2;  1069.2;   10.90;
15.01.2003 20:30 ;  1069.2;  1069.2;   10.90;
15.01.2003 20:35 ;  1069.2;  1069.2;   10.90;
15.01.2003 20:40 ;  1069.2;  1069.2;   10.90;
15.01.2003 20:45 ;  1069.2;  1069.2;   10.90;
15.01.2003 20:50 ;  1069.2;  1069.2;   10.90;
15.01.2003 20:55 ;  1069.2;  1069.2;   10.90;
15.01.2003 21:00 ;  1069.2;  1069.2;   10.90;
15.01.2003 21:05 ;  1069.2;  1069.2;   10.90;
15.01.2003 21:10 ;  1069.2;  1069.2;   10.90;
15.01.2003 21:15 ;  1069.2;  1069.2;   10.90;
15.01.2003 21:20 ;  1069.2;  1069.2;   10.90;
15.01.2003 21:25 ;  1069.2;  1069.2;   10.90;
15.01.2003 21:30 ;  1069.2;  1069.2;   10.90;
15.01.2003 21:35 ;  1069.2;  1069.2;   10.90;
15.01.2003 21:40 ;  1069.2;  1069.2;   10.90;
15.01.2003 21:45 ;  1069.2;  1069.2;   10.90;
15.01.2003 21:50 ;  1069.2;  1069.2;   10.90;
15.01.2003 21:55 ;  1069.2;  1069.2;   10.90;
15.01.2003 22:00 ;  1069.2;  1069.2;   10.90;
15.01.2003 22:05 ;  1069.2;  1069.2;   10.90;
15.01.2003 22:10 ;  1069.2;  1069.2;   10.90;
15.01.2003 22:15 ;  1069.2;  1069.2;   10.90;
15.01.2003 22:20 ;  1069.2;  1069.2;   10.90;
15.01.2003 22:25 ;  1069.2;  1069.2;   10.90;
15.01.2003 22:30 ;  1069.2;  1069.2;   10.90;
15.01.2003 22:35 ;  1069.2;  1069.2;   10.90;
15.01.2003 22:40 ;  1069.2;  1069.2;   10.90;
15.01.2003 22:45 ;  1069.2;  1069.2;   10.90;
15.01.2003 22:50 ;  1069.2;  1069.2;   10.90;
15.01.2003 22:55 ;  1069.2;  1069.2;   10.90;
15.01.2003 23:00 ;  1069.2;  1069.2;   10.90;
15.01.2003 23:05 ;  1069.2;  1069.2;   10.90;
15.01.2003 23:10 ;  1069.2;  1069.2;   10.90;
15.01.2003 23:15 ;  1069.2;  1069.2;   10.90;
15.01.2003 23:20 ;  1069.2;  1069.2;   10.90;
15.01.2003 23:25 ;  1069.2;  1069.2;   10.90;
15.01.2003 23:30 ;  1069.2;  1069.2;   10.90;
15.01.2003 23:35 ;  1069.2;  1069.2;   10.90;
15.01.2003 23:40 ;  1069.2;  1069.2;   10.90;
15.01.2003 23:45 ;  1069.2;  1069.2;   10.90;
15.01.2003 23:50 ;  1069.2;  1069.2;   10.90;
15.01.2003 23:55 ;  1069.2;  1069.2;   10.90;
16.01.2003 00:00 ;  1069.2;  1069.2;   10.90;
